ISO-10303-21;
HEADER;
/* Generated by software containing ST-Developer
 * from STEP Tools, Inc. (www.steptools.com) 
 */
/* OPTION: using custom renumber hook */

FILE_DESCRIPTION(
/* description */ ('STEP AP214'),
/* implementation_level */ '2;1');

FILE_NAME(
/* name */ 'AR2000GZ',
/* time_stamp */ '2025-01-29T13:43:21+01:00',
/* author */ ('License CC BY-ND 4.0'),
/* organization */ ('CADENAS'),
/* preprocessor_version */ 'ST-DEVELOPER v19.3',
/* originating_system */ 'PARTsolutions',
/* authorisation */ '  ');

FILE_SCHEMA (('AUTOMOTIVE_DESIGN {1 0 10303 214 3 1 1}'));
ENDSEC;

DATA;
#10=PROPERTY_DEFINITION_REPRESENTATION(#14,#12);
#11=PROPERTY_DEFINITION_REPRESENTATION(#15,#13);
#12=REPRESENTATION('',(#16),#5268);
#13=REPRESENTATION('',(#17),#5268);
#14=PROPERTY_DEFINITION('pmi validation property','',#5281);
#15=PROPERTY_DEFINITION('pmi validation property','',#5281);
#16=VALUE_REPRESENTATION_ITEM('number of annotations',COUNT_MEASURE(0.));
#17=VALUE_REPRESENTATION_ITEM('number of views',COUNT_MEASURE(0.));
#18=DEGENERATE_TOROIDAL_SURFACE('',#3537,4.39498035775963,9.00000000000001,
 .T.);
#19=ELLIPSE('',#3361,3.06352157793555,3.);
#20=ELLIPSE('',#3362,3.06352157793555,3.);
#21=ELLIPSE('',#3379,1.02117385931186,1.00000000000001);
#22=ELLIPSE('',#3380,1.02117385931186,1.00000000000001);
#23=CONTEXT_DEPENDENT_SHAPE_REPRESENTATION(#31,#5283);
#24=CONTEXT_DEPENDENT_SHAPE_REPRESENTATION(#32,#5285);
#25=CONTEXT_DEPENDENT_SHAPE_REPRESENTATION(#33,#5287);
#26=CONTEXT_DEPENDENT_SHAPE_REPRESENTATION(#34,#5289);
#27=NEXT_ASSEMBLY_USAGE_OCCURRENCE('NAUO1','AR2000_AR','AR2000_AR',#5290,
#5291,'');
#28=NEXT_ASSEMBLY_USAGE_OCCURRENCE('NAUO2','AFR2000ar_bracket',
'AFR2000ar_bracket',#5290,#5292,'');
#29=NEXT_ASSEMBLY_USAGE_OCCURRENCE('NAUO3','AR2000ar_nut',
'AR2000ar_nut',#5290,#5293,'');
#30=NEXT_ASSEMBLY_USAGE_OCCURRENCE('NAUO4','01gauge','01gauge',#5290,#5294,
'');
#31=(
REPRESENTATION_RELATIONSHIP(' ',' ',#3233,#3232)
REPRESENTATION_RELATIONSHIP_WITH_TRANSFORMATION(#35)
SHAPE_REPRESENTATION_RELATIONSHIP()
);
#32=(
REPRESENTATION_RELATIONSHIP(' ',' ',#3234,#3232)
REPRESENTATION_RELATIONSHIP_WITH_TRANSFORMATION(#36)
SHAPE_REPRESENTATION_RELATIONSHIP()
);
#33=(
REPRESENTATION_RELATIONSHIP(' ',' ',#3235,#3232)
REPRESENTATION_RELATIONSHIP_WITH_TRANSFORMATION(#37)
SHAPE_REPRESENTATION_RELATIONSHIP()
);
#34=(
REPRESENTATION_RELATIONSHIP(' ',' ',#3236,#3232)
REPRESENTATION_RELATIONSHIP_WITH_TRANSFORMATION(#38)
SHAPE_REPRESENTATION_RELATIONSHIP()
);
#35=ITEM_DEFINED_TRANSFORMATION(' ',' ',#3237,#3352);
#36=ITEM_DEFINED_TRANSFORMATION(' ',' ',#3237,#3405);
#37=ITEM_DEFINED_TRANSFORMATION(' ',' ',#3237,#3513);
#38=ITEM_DEFINED_TRANSFORMATION(' ',' ',#3237,#3538);
#39=SHAPE_REPRESENTATION_RELATIONSHIP('','',#3233,#43);
#40=SHAPE_REPRESENTATION_RELATIONSHIP('','',#3234,#44);
#41=SHAPE_REPRESENTATION_RELATIONSHIP('','',#3235,#45);
#42=SHAPE_REPRESENTATION_RELATIONSHIP('','',#3236,#46);
#43=ADVANCED_BREP_SHAPE_REPRESENTATION('',(#3223),#5269);
#44=ADVANCED_BREP_SHAPE_REPRESENTATION('',(#3224),#5270);
#45=ADVANCED_BREP_SHAPE_REPRESENTATION('',(#3225),#5271);
#46=ADVANCED_BREP_SHAPE_REPRESENTATION('',(#3226),#5272);
#47=TOROIDAL_SURFACE('',#3295,11.25,0.999999999999999);
#48=TOROIDAL_SURFACE('',#3317,18.5,0.999999999999994);
#49=TOROIDAL_SURFACE('',#3516,19.,2.);
#50=TOROIDAL_SURFACE('',#3524,18.,2.);
#51=DRAUGHTING_PRE_DEFINED_COLOUR('black');
#52=DRAUGHTING_PRE_DEFINED_COLOUR('white');
#53=CONICAL_SURFACE('',#3263,10.,0.785398163397447);
#54=CONICAL_SURFACE('',#3269,9.,0.785398163397447);
#55=CONICAL_SURFACE('',#3279,4.864,0.785398163397448);
#56=CONICAL_SURFACE('',#3289,4.283,0.785398163397448);
#57=CONICAL_SURFACE('',#3299,13.25,0.785398163397454);
#58=CONICAL_SURFACE('',#3301,13.7872134854387,0.0255758173174099);
#59=CONICAL_SURFACE('',#3303,13.3,0.77261025473875);
#60=CONICAL_SURFACE('',#3311,15.,0.785398163397447);
#61=CONICAL_SURFACE('',#3326,18.5,0.785398163397448);
#62=CONICAL_SURFACE('',#3327,18.5,0.785398163397448);
#63=CONICAL_SURFACE('',#3329,18.5,0.785398163397448);
#64=CONICAL_SURFACE('',#3331,18.5,0.785398163397448);
#65=CONICAL_SURFACE('',#3336,18.5,0.785398163397448);
#66=CONICAL_SURFACE('',#3338,18.5,0.785398163397448);
#67=CONICAL_SURFACE('',#3351,10.25,0.785398163397447);
#68=CONICAL_SURFACE('',#3406,17.85,0.855052737126016);
#69=CONICAL_SURFACE('',#3409,17.85,0.855052737126016);
#70=CONICAL_SURFACE('',#3412,17.85,0.855052737126016);
#71=CONICAL_SURFACE('',#3415,17.85,0.855052737126016);
#72=CONICAL_SURFACE('',#3418,17.85,0.855052737126016);
#73=CONICAL_SURFACE('',#3421,17.85,0.855052737126016);
#74=CONICAL_SURFACE('',#3424,17.85,0.855052737126016);
#75=CONICAL_SURFACE('',#3427,17.85,0.855052737126016);
#76=CONICAL_SURFACE('',#3430,17.85,0.855052737126016);
#77=CONICAL_SURFACE('',#3433,17.85,0.855052737126016);
#78=CONICAL_SURFACE('',#3533,4.86399999999992,0.785398163397451);
#79=CYLINDRICAL_SURFACE('',#3248,7.5785);
#80=CYLINDRICAL_SURFACE('',#3253,5.7225);
#81=CYLINDRICAL_SURFACE('',#3261,7.5785);
#82=CYLINDRICAL_SURFACE('',#3266,10.);
#83=CYLINDRICAL_SURFACE('',#3267,10.);
#84=CYLINDRICAL_SURFACE('',#3277,5.72249999999999);
#85=CYLINDRICAL_SURFACE('',#3278,10.);
#86=CYLINDRICAL_SURFACE('',#3282,4.283);
#87=CYLINDRICAL_SURFACE('',#3286,4.283);
#88=CYLINDRICAL_SURFACE('',#3297,12.25);
#89=CYLINDRICAL_SURFACE('',#3307,11.5);
#90=CYLINDRICAL_SURFACE('',#3313,15.);
#91=CYLINDRICAL_SURFACE('',#3319,19.5);
#92=CYLINDRICAL_SURFACE('',#3337,11.);
#93=CYLINDRICAL_SURFACE('',#3339,11.);
#94=CYLINDRICAL_SURFACE('',#3343,5.);
#95=CYLINDRICAL_SURFACE('',#3347,8.);
#96=CYLINDRICAL_SURFACE('',#3359,3.);
#97=CYLINDRICAL_SURFACE('',#3371,2.);
#98=CYLINDRICAL_SURFACE('',#3378,1.00000000000001);
#99=CYLINDRICAL_SURFACE('',#3391,3.2);
#100=CYLINDRICAL_SURFACE('',#3393,3.2);
#101=CYLINDRICAL_SURFACE('',#3395,3.20000000000001);
#102=CYLINDRICAL_SURFACE('',#3397,3.20000000000001);
#103=CYLINDRICAL_SURFACE('',#3398,16.);
#104=CYLINDRICAL_SURFACE('',#3401,18.);
#105=CYLINDRICAL_SURFACE('',#3403,18.);
#106=CYLINDRICAL_SURFACE('',#3436,19.);
#107=CYLINDRICAL_SURFACE('',#3462,14.188);
#108=CYLINDRICAL_SURFACE('',#3464,17.5999999999997);
#109=CYLINDRICAL_SURFACE('',#3469,17.5999999999997);
#110=CYLINDRICAL_SURFACE('',#3474,17.6000000000001);
#111=CYLINDRICAL_SURFACE('',#3479,17.6000000000006);
#112=CYLINDRICAL_SURFACE('',#3484,17.5999999999997);
#113=CYLINDRICAL_SURFACE('',#3489,17.6000000000004);
#114=CYLINDRICAL_SURFACE('',#3494,17.6000000000003);
#115=CYLINDRICAL_SURFACE('',#3499,17.6000000000001);
#116=CYLINDRICAL_SURFACE('',#3504,17.6000000000001);
#117=CYLINDRICAL_SURFACE('',#3511,17.6000000000009);
#118=CYLINDRICAL_SURFACE('',#3518,21.);
#119=CYLINDRICAL_SURFACE('',#3522,20.);
#120=CYLINDRICAL_SURFACE('',#3535,4.86399999999993);
#121=B_SPLINE_CURVE_WITH_KNOTS('',3,(#4327,#4328,#4329,#4330),
 .UNSPECIFIED.,.F.,.F.,(4,4),(0.0199009840701367,0.0215384807602899),
 .UNSPECIFIED.);
#122=B_SPLINE_CURVE_WITH_KNOTS('',3,(#4353,#4354,#4355,#4356),
 .UNSPECIFIED.,.F.,.F.,(4,4),(0.0199009840701367,0.0215384807602899),
 .UNSPECIFIED.);
#123=B_SPLINE_CURVE_WITH_KNOTS('',3,(#4361,#4362,#4363,#4364),
 .UNSPECIFIED.,.F.,.F.,(4,4),(1.12662531058659E-6,0.00162867228985707),
 .UNSPECIFIED.);
#124=B_SPLINE_CURVE_WITH_KNOTS('',3,(#4381,#4382,#4383,#4384),
 .UNSPECIFIED.,.F.,.F.,(4,4),(1.12662531058659E-6,0.00162867228985707),
 .UNSPECIFIED.);
#125=B_SPLINE_CURVE_WITH_KNOTS('',3,(#4395,#4396,#4397,#4398),
 .UNSPECIFIED.,.F.,.F.,(4,4),(0.000261668893586663,0.00210586893079708),
 .UNSPECIFIED.);
#126=B_SPLINE_CURVE_WITH_KNOTS('',3,(#4407,#4408,#4409,#4410),
 .UNSPECIFIED.,.F.,.F.,(4,4),(0.0245362714293306,0.0263489119431846),
 .UNSPECIFIED.);
#127=B_SPLINE_CURVE_WITH_KNOTS('',3,(#4412,#4413,#4414,#4415,#4416,#4417,
#4418),.UNSPECIFIED.,.F.,.F.,(4,1,1,1,4),(0.,0.00269822884577569,0.00539645769155138,
0.00809468653732706,0.0107929153831028),.UNSPECIFIED.);
#128=B_SPLINE_CURVE_WITH_KNOTS('',3,(#4423,#4424,#4425,#4426,#4427,#4428,
#4429),.UNSPECIFIED.,.F.,.F.,(4,1,1,1,4),(0.,0.00269822884577569,0.00539645769155138,
0.00809468653732706,0.0107929153831028),.UNSPECIFIED.);
#129=B_SPLINE_CURVE_WITH_KNOTS('',3,(#4437,#4438,#4439,#4440),
 .UNSPECIFIED.,.F.,.F.,(4,4),(0.0245362714293305,0.0263489119431846),
 .UNSPECIFIED.);
#130=B_SPLINE_CURVE_WITH_KNOTS('',3,(#4449,#4450,#4451,#4452),
 .UNSPECIFIED.,.F.,.F.,(4,4),(0.000261668893586659,0.00210586893079697),
 .UNSPECIFIED.);
#131=B_SPLINE_CURVE_WITH_KNOTS('',3,(#4459,#4460,#4461,#4462),
 .UNSPECIFIED.,.F.,.F.,(4,4),(5.33132505057573E-7,0.00137160607928346),
 .UNSPECIFIED.);
#132=B_SPLINE_CURVE_WITH_KNOTS('',3,(#4464,#4465,#4466,#4467),
 .UNSPECIFIED.,.F.,.F.,(4,4),(0.000388169772562415,0.00633874589100045),
 .UNSPECIFIED.);
#133=B_SPLINE_CURVE_WITH_KNOTS('',3,(#4469,#4470,#4471,#4472),
 .UNSPECIFIED.,.F.,.F.,(4,4),(0.000258420588440162,0.00274658658742207),
 .UNSPECIFIED.);
#134=B_SPLINE_CURVE_WITH_KNOTS('',3,(#4478,#4479,#4480,#4481),
 .UNSPECIFIED.,.F.,.F.,(4,4),(0.000182444193051655,0.00141503983666469),
 .UNSPECIFIED.);
#135=B_SPLINE_CURVE_WITH_KNOTS('',3,(#4482,#4483,#4484,#4485),
 .UNSPECIFIED.,.F.,.F.,(4,4),(0.0484003954112409,0.0548148532610139),
 .UNSPECIFIED.);
#136=B_SPLINE_CURVE_WITH_KNOTS('',3,(#4489,#4490,#4491,#4492),
 .UNSPECIFIED.,.F.,.F.,(4,4),(0.000243112255070603,0.00273127825405251),
 .UNSPECIFIED.);
#137=B_SPLINE_CURVE_WITH_KNOTS('',3,(#4494,#4495,#4496,#4497,#4498),
 .UNSPECIFIED.,.F.,.F.,(4,1,4),(0.00982477817792523,0.0130449807930937,
0.0162651834082622),.UNSPECIFIED.);
#138=B_SPLINE_CURVE_WITH_KNOTS('',3,(#4502,#4503,#4504,#4505),
 .UNSPECIFIED.,.F.,.F.,(4,4),(0.000884112475219312,0.00211670811883235),
 .UNSPECIFIED.);
#139=B_SPLINE_CURVE_WITH_KNOTS('',3,(#4509,#4510,#4511,#4512),
 .UNSPECIFIED.,.F.,.F.,(4,4),(8.24892813702835E-7,0.00137189783959213),
 .UNSPECIFIED.);
#140=B_SPLINE_CURVE_WITH_KNOTS('',3,(#4514,#4515,#4516,#4517,#4518),
 .UNSPECIFIED.,.F.,.F.,(4,1,4),(0.000218551322713894,0.00319229765773247,
0.00616604399275104),.UNSPECIFIED.);
#141=B_SPLINE_CURVE_WITH_KNOTS('',3,(#4532,#4533,#4534,#4535,#4536,#4537,
#4538,#4539,#4540,#4541,#4542,#4543,#4544,#4545,#4546,#4547,#4548,#4549,
#4550),.UNSPECIFIED.,.T.,.F.,(1,1,1,1,1,1,1,1,1,1,1,1,1,1,1,1,1,1,1,1,1,
1,1),(-0.00685894860009882,-0.00457263240006588,-0.00228631620003294,0.,
0.00228631620003294,0.00457263240006588,0.00685894860009882,0.00914526480013176,
0.0114315810001647,0.0137178972001976,0.0160042134002306,0.0182905296002635,
0.0205768458002965,0.0228631620003294,0.0251494782003624,0.0274357944003953,
0.0297221106004282,0.0320084268004612,0.0342947430004941,0.0365810592005271,
0.03886737540056,0.0411536916005929,0.0434400078006259),.UNSPECIFIED.);
#142=B_SPLINE_CURVE_WITH_KNOTS('',3,(#4822,#4823,#4824,#4825),
 .UNSPECIFIED.,.F.,.F.,(4,4),(3.09841382272424E-7,0.0015512319594404),
 .UNSPECIFIED.);
#143=B_SPLINE_CURVE_WITH_KNOTS('',3,(#4829,#4830,#4831,#4832),
 .UNSPECIFIED.,.F.,.F.,(4,4),(3.10551007562819E-7,0.00155123266906568),
 .UNSPECIFIED.);
#144=B_SPLINE_CURVE_WITH_KNOTS('',3,(#4837,#4838,#4839,#4840),
 .UNSPECIFIED.,.F.,.F.,(4,4),(2.72059659780611E-7,0.0015511941777179),
 .UNSPECIFIED.);
#145=B_SPLINE_CURVE_WITH_KNOTS('',3,(#4844,#4845,#4846,#4847),
 .UNSPECIFIED.,.F.,.F.,(4,4),(3.10551007565874E-7,0.00155123266906569),
 .UNSPECIFIED.);
#146=B_SPLINE_CURVE_WITH_KNOTS('',3,(#4852,#4853,#4854,#4855),
 .UNSPECIFIED.,.F.,.F.,(4,4),(2.79131186288258E-7,0.00155120124924441),
 .UNSPECIFIED.);
#147=B_SPLINE_CURVE_WITH_KNOTS('',3,(#4859,#4860,#4861,#4862),
 .UNSPECIFIED.,.F.,.F.,(4,4),(3.10551007568033E-7,0.00155123266906569),
 .UNSPECIFIED.);
#148=B_SPLINE_CURVE_WITH_KNOTS('',3,(#4867,#4868,#4869,#4870),
 .UNSPECIFIED.,.F.,.F.,(4,4),(3.14894911206276E-7,0.00155123701296933),
 .UNSPECIFIED.);
#149=B_SPLINE_CURVE_WITH_KNOTS('',3,(#4874,#4875,#4876,#4877),
 .UNSPECIFIED.,.F.,.F.,(4,4),(3.10551007563748E-7,0.00155123266906568),
 .UNSPECIFIED.);
#150=B_SPLINE_CURVE_WITH_KNOTS('',3,(#4882,#4883,#4884,#4885),
 .UNSPECIFIED.,.F.,.F.,(4,4),(2.62063679211988E-7,0.00155118418173734),
 .UNSPECIFIED.);
#151=B_SPLINE_CURVE_WITH_KNOTS('',3,(#4889,#4890,#4891,#4892),
 .UNSPECIFIED.,.F.,.F.,(4,4),(3.10551007569848E-7,0.00155123266906568),
 .UNSPECIFIED.);
#152=B_SPLINE_CURVE_WITH_KNOTS('',3,(#4897,#4898,#4899,#4900),
 .UNSPECIFIED.,.F.,.F.,(4,4),(3.09841382277005E-7,0.00155123195944041),
 .UNSPECIFIED.);
#153=B_SPLINE_CURVE_WITH_KNOTS('',3,(#4904,#4905,#4906,#4907),
 .UNSPECIFIED.,.F.,.F.,(4,4),(3.10551007563378E-7,0.00155123266906568),
 .UNSPECIFIED.);
#154=B_SPLINE_CURVE_WITH_KNOTS('',3,(#4912,#4913,#4914,#4915),
 .UNSPECIFIED.,.F.,.F.,(4,4),(2.72059659781729E-7,0.00155119417771791),
 .UNSPECIFIED.);
#155=B_SPLINE_CURVE_WITH_KNOTS('',3,(#4919,#4920,#4921,#4922),
 .UNSPECIFIED.,.F.,.F.,(4,4),(3.10551007573489E-7,0.00155123266906569),
 .UNSPECIFIED.);
#156=B_SPLINE_CURVE_WITH_KNOTS('',3,(#4927,#4928,#4929,#4930),
 .UNSPECIFIED.,.F.,.F.,(4,4),(2.79131186288258E-7,0.0015512012492444),
 .UNSPECIFIED.);
#157=B_SPLINE_CURVE_WITH_KNOTS('',3,(#4934,#4935,#4936,#4937),
 .UNSPECIFIED.,.F.,.F.,(4,4),(3.10551007568033E-7,0.00155123266906569),
 .UNSPECIFIED.);
#158=B_SPLINE_CURVE_WITH_KNOTS('',3,(#4942,#4943,#4944,#4945),
 .UNSPECIFIED.,.F.,.F.,(4,4),(3.14894911209056E-7,0.00155123701296933),
 .UNSPECIFIED.);
#159=B_SPLINE_CURVE_WITH_KNOTS('',3,(#4949,#4950,#4951,#4952),
 .UNSPECIFIED.,.F.,.F.,(4,4),(3.10551007563748E-7,0.00155123266906568),
 .UNSPECIFIED.);
#160=B_SPLINE_CURVE_WITH_KNOTS('',3,(#4957,#4958,#4959,#4960),
 .UNSPECIFIED.,.F.,.F.,(4,4),(2.62063679206529E-7,0.00155118418173733),
 .UNSPECIFIED.);
#161=B_SPLINE_CURVE_WITH_KNOTS('',3,(#4964,#4965,#4966,#4967),
 .UNSPECIFIED.,.F.,.F.,(4,4),(3.10551007569848E-7,0.00155123266906568),
 .UNSPECIFIED.);
#162=B_SPLINE_CURVE_WITH_KNOTS('',3,(#5217,#5218,#5219,#5220,#5221,#5222,
#5223),.UNSPECIFIED.,.F.,.F.,(4,1,1,1,4),(0.0163632139045799,0.0191456138018167,
0.0219280136990535,0.0247104135962904,0.0274928134935272),.UNSPECIFIED.);
#163=B_SPLINE_CURVE_WITH_KNOTS('',3,(#5229,#5230,#5231,#5232,#5233,#5234,
#5235),.UNSPECIFIED.,.F.,.F.,(4,1,1,1,4),(0.0163632139045799,0.0191456138018167,
0.0219280136990535,0.0247104135962904,0.0274928134935272),.UNSPECIFIED.);
#164=B_SPLINE_CURVE_WITH_KNOTS('',3,(#5239,#5240,#5241,#5242,#5243,#5244,
#5245),.UNSPECIFIED.,.F.,.F.,(4,1,1,1,4),(0.0163632139045799,0.0191456138018167,
0.0219280136990535,0.0247104135962904,0.0274928134935272),.UNSPECIFIED.);
#165=B_SPLINE_CURVE_WITH_KNOTS('',3,(#5249,#5250,#5251,#5252,#5253,#5254,
#5255),.UNSPECIFIED.,.F.,.F.,(4,1,1,1,4),(0.0163632139045799,0.0191456138018167,
0.0219280136990535,0.0247104135962904,0.0274928134935272),.UNSPECIFIED.);
#166=LINE('',#4325,#343);
#167=LINE('',#4332,#344);
#168=LINE('',#4334,#345);
#169=LINE('',#4336,#346);
#170=LINE('',#4338,#347);
#171=LINE('',#4340,#348);
#172=LINE('',#4345,#349);
#173=LINE('',#4347,#350);
#174=LINE('',#4349,#351);
#175=LINE('',#4351,#352);
#176=LINE('',#4359,#353);
#177=LINE('',#4367,#354);
#178=LINE('',#4370,#355);
#179=LINE('',#4372,#356);
#180=LINE('',#4374,#357);
#181=LINE('',#4376,#358);
#182=LINE('',#4378,#359);
#183=LINE('',#4386,#360);
#184=LINE('',#4388,#361);
#185=LINE('',#4390,#362);
#186=LINE('',#4392,#363);
#187=LINE('',#4433,#364);
#188=LINE('',#4435,#365);
#189=LINE('',#4475,#366);
#190=LINE('',#4476,#367);
#191=LINE('',#4487,#368);
#192=LINE('',#4507,#369);
#193=LINE('',#4522,#370);
#194=LINE('',#4526,#371);
#195=LINE('',#4528,#372);
#196=LINE('',#4653,#373);
#197=LINE('',#4656,#374);
#198=LINE('',#4658,#375);
#199=LINE('',#4660,#376);
#200=LINE('',#4665,#377);
#201=LINE('',#4669,#378);
#202=LINE('',#4673,#379);
#203=LINE('',#4677,#380);
#204=LINE('',#4678,#381);
#205=LINE('',#4681,#382);
#206=LINE('',#4683,#383);
#207=LINE('',#4685,#384);
#208=LINE('',#4686,#385);
#209=LINE('',#4692,#386);
#210=LINE('',#4700,#387);
#211=LINE('',#4704,#388);
#212=LINE('',#4706,#389);
#213=LINE('',#4708,#390);
#214=LINE('',#4712,#391);
#215=LINE('',#4714,#392);
#216=LINE('',#4716,#393);
#217=LINE('',#4718,#394);
#218=LINE('',#4720,#395);
#219=LINE('',#4722,#396);
#220=LINE('',#4724,#397);
#221=LINE('',#4726,#398);
#222=LINE('',#4728,#399);
#223=LINE('',#4730,#400);
#224=LINE('',#4734,#401);
#225=LINE('',#4743,#402);
#226=LINE('',#4745,#403);
#227=LINE('',#4747,#404);
#228=LINE('',#4751,#405);
#229=LINE('',#4752,#406);
#230=LINE('',#4756,#407);
#231=LINE('',#4763,#408);
#232=LINE('',#4767,#409);
#233=LINE('',#4771,#410);
#234=LINE('',#4775,#411);
#235=LINE('',#4776,#412);
#236=LINE('',#4778,#413);
#237=LINE('',#4779,#414);
#238=LINE('',#4781,#415);
#239=LINE('',#4783,#416);
#240=LINE('',#4784,#417);
#241=LINE('',#4786,#418);
#242=LINE('',#4787,#419);
#243=LINE('',#4791,#420);
#244=LINE('',#4792,#421);
#245=LINE('',#4794,#422);
#246=LINE('',#4796,#423);
#247=LINE('',#4799,#424);
#248=LINE('',#4800,#425);
#249=LINE('',#4802,#426);
#250=LINE('',#4804,#427);
#251=LINE('',#4808,#428);
#252=LINE('',#4810,#429);
#253=LINE('',#4813,#430);
#254=LINE('',#4815,#431);
#255=LINE('',#4974,#432);
#256=LINE('',#4975,#433);
#257=LINE('',#4979,#434);
#258=LINE('',#4980,#435);
#259=LINE('',#4984,#436);
#260=LINE('',#4985,#437);
#261=LINE('',#4989,#438);
#262=LINE('',#4990,#439);
#263=LINE('',#4994,#440);
#264=LINE('',#4995,#441);
#265=LINE('',#4999,#442);
#266=LINE('',#5000,#443);
#267=LINE('',#5004,#444);
#268=LINE('',#5005,#445);
#269=LINE('',#5009,#446);
#270=LINE('',#5010,#447);
#271=LINE('',#5014,#448);
#272=LINE('',#5015,#449);
#273=LINE('',#5019,#450);
#274=LINE('',#5020,#451);
#275=LINE('',#5022,#452);
#276=LINE('',#5024,#453);
#277=LINE('',#5028,#454);
#278=LINE('',#5029,#455);
#279=LINE('',#5033,#456);
#280=LINE('',#5034,#457);
#281=LINE('',#5038,#458);
#282=LINE('',#5039,#459);
#283=LINE('',#5043,#460);
#284=LINE('',#5044,#461);
#285=LINE('',#5048,#462);
#286=LINE('',#5049,#463);
#287=LINE('',#5053,#464);
#288=LINE('',#5054,#465);
#289=LINE('',#5058,#466);
#290=LINE('',#5059,#467);
#291=LINE('',#5063,#468);
#292=LINE('',#5064,#469);
#293=LINE('',#5068,#470);
#294=LINE('',#5069,#471);
#295=LINE('',#5079,#472);
#296=LINE('',#5081,#473);
#297=LINE('',#5085,#474);
#298=LINE('',#5087,#475);
#299=LINE('',#5090,#476);
#300=LINE('',#5092,#477);
#301=LINE('',#5096,#478);
#302=LINE('',#5098,#479);
#303=LINE('',#5101,#480);
#304=LINE('',#5103,#481);
#305=LINE('',#5107,#482);
#306=LINE('',#5109,#483);
#307=LINE('',#5112,#484);
#308=LINE('',#5114,#485);
#309=LINE('',#5118,#486);
#310=LINE('',#5120,#487);
#311=LINE('',#5123,#488);
#312=LINE('',#5125,#489);
#313=LINE('',#5129,#490);
#314=LINE('',#5131,#491);
#315=LINE('',#5134,#492);
#316=LINE('',#5136,#493);
#317=LINE('',#5140,#494);
#318=LINE('',#5142,#495);
#319=LINE('',#5145,#496);
#320=LINE('',#5147,#497);
#321=LINE('',#5151,#498);
#322=LINE('',#5153,#499);
#323=LINE('',#5156,#500);
#324=LINE('',#5158,#501);
#325=LINE('',#5162,#502);
#326=LINE('',#5164,#503);
#327=LINE('',#5167,#504);
#328=LINE('',#5169,#505);
#329=LINE('',#5173,#506);
#330=LINE('',#5175,#507);
#331=LINE('',#5178,#508);
#332=LINE('',#5182,#509);
#333=LINE('',#5184,#510);
#334=LINE('',#5186,#511);
#335=LINE('',#5208,#512);
#336=LINE('',#5211,#513);
#337=LINE('',#5213,#514);
#338=LINE('',#5215,#515);
#339=LINE('',#5226,#516);
#340=LINE('',#5227,#517);
#341=LINE('',#5237,#518);
#342=LINE('',#5247,#519);
#343=VECTOR('',#3545,1000.);
#344=VECTOR('',#3546,1000.);
#345=VECTOR('',#3547,1000.);
#346=VECTOR('',#3548,1000.);
#347=VECTOR('',#3549,1000.);
#348=VECTOR('',#3552,1000.);
#349=VECTOR('',#3555,1000.);
#350=VECTOR('',#3556,1000.);
#351=VECTOR('',#3557,1000.);
#352=VECTOR('',#3558,1000.);
#353=VECTOR('',#3563,1000.);
#354=VECTOR('',#3566,1000.);
#355=VECTOR('',#3569,1000.);
#356=VECTOR('',#3570,1000.);
#357=VECTOR('',#3571,1000.);
#358=VECTOR('',#3572,1000.);
#359=VECTOR('',#3575,1000.);
#360=VECTOR('',#3576,1000.);
#361=VECTOR('',#3577,1000.);
#362=VECTOR('',#3578,1000.);
#363=VECTOR('',#3579,1000.);
#364=VECTOR('',#3600,1000.);
#365=VECTOR('',#3603,1000.);
#366=VECTOR('',#3622,1000.);
#367=VECTOR('',#3623,1000.);
#368=VECTOR('',#3626,1000.);
#369=VECTOR('',#3629,1000.);
#370=VECTOR('',#3636,1000.);
#371=VECTOR('',#3641,1000.);
#372=VECTOR('',#3644,1000.);
#373=VECTOR('',#3803,1000.);
#374=VECTOR('',#3804,1000.);
#375=VECTOR('',#3805,1000.);
#376=VECTOR('',#3806,1000.);
#377=VECTOR('',#3811,1000.);
#378=VECTOR('',#3814,1000.);
#379=VECTOR('',#3817,1000.);
#380=VECTOR('',#3820,1000.);
#381=VECTOR('',#3821,1000.);
#382=VECTOR('',#3822,1000.);
#383=VECTOR('',#3823,1000.);
#384=VECTOR('',#3824,1000.);
#385=VECTOR('',#3825,1000.);
#386=VECTOR('',#3832,1000.);
#387=VECTOR('',#3841,1000.);
#388=VECTOR('',#3844,1000.);
#389=VECTOR('',#3845,1000.);
#390=VECTOR('',#3846,1000.);
#391=VECTOR('',#3849,1000.);
#392=VECTOR('',#3852,1000.);
#393=VECTOR('',#3853,1000.);
#394=VECTOR('',#3854,1000.);
#395=VECTOR('',#3857,1000.);
#396=VECTOR('',#3858,1000.);
#397=VECTOR('',#3859,1000.);
#398=VECTOR('',#3862,1000.);
#399=VECTOR('',#3863,1000.);
#400=VECTOR('',#3864,1000.);
#401=VECTOR('',#3869,1000.);
#402=VECTOR('',#3878,1000.);
#403=VECTOR('',#3879,1000.);
#404=VECTOR('',#3880,1000.);
#405=VECTOR('',#3883,1000.);
#406=VECTOR('',#3884,1000.);
#407=VECTOR('',#3889,1000.);
#408=VECTOR('',#3896,1000.);
#409=VECTOR('',#3899,1000.);
#410=VECTOR('',#3902,1000.);
#411=VECTOR('',#3905,1000.);
#412=VECTOR('',#3906,1000.);
#413=VECTOR('',#3907,1000.);
#414=VECTOR('',#3908,1000.);
#415=VECTOR('',#3909,1000.);
#416=VECTOR('',#3912,1000.);
#417=VECTOR('',#3913,1000.);
#418=VECTOR('',#3916,1000.);
#419=VECTOR('',#3917,1000.);
#420=VECTOR('',#3924,1000.);
#421=VECTOR('',#3925,1000.);
#422=VECTOR('',#3928,1000.);
#423=VECTOR('',#3931,1000.);
#424=VECTOR('',#3936,1000.);
#425=VECTOR('',#3937,1000.);
#426=VECTOR('',#3940,1000.);
#427=VECTOR('',#3943,1000.);
#428=VECTOR('',#3950,1000.);
#429=VECTOR('',#3953,1000.);
#430=VECTOR('',#3958,1000.);
#431=VECTOR('',#3961,1000.);
#432=VECTOR('',#4032,1000.);
#433=VECTOR('',#4033,1000.);
#434=VECTOR('',#4036,1000.);
#435=VECTOR('',#4037,1000.);
#436=VECTOR('',#4040,1000.);
#437=VECTOR('',#4041,1000.);
#438=VECTOR('',#4044,1000.);
#439=VECTOR('',#4045,1000.);
#440=VECTOR('',#4048,1000.);
#441=VECTOR('',#4049,1000.);
#442=VECTOR('',#4052,1000.);
#443=VECTOR('',#4053,1000.);
#444=VECTOR('',#4056,1000.);
#445=VECTOR('',#4057,1000.);
#446=VECTOR('',#4060,1000.);
#447=VECTOR('',#4061,1000.);
#448=VECTOR('',#4064,1000.);
#449=VECTOR('',#4065,1000.);
#450=VECTOR('',#4068,1000.);
#451=VECTOR('',#4069,1000.);
#452=VECTOR('',#4072,1000.);
#453=VECTOR('',#4073,1000.);
#454=VECTOR('',#4076,1000.);
#455=VECTOR('',#4077,1000.);
#456=VECTOR('',#4080,1000.);
#457=VECTOR('',#4081,1000.);
#458=VECTOR('',#4084,1000.);
#459=VECTOR('',#4085,1000.);
#460=VECTOR('',#4088,1000.);
#461=VECTOR('',#4089,1000.);
#462=VECTOR('',#4092,1000.);
#463=VECTOR('',#4093,1000.);
#464=VECTOR('',#4096,1000.);
#465=VECTOR('',#4097,1000.);
#466=VECTOR('',#4100,1000.);
#467=VECTOR('',#4101,1000.);
#468=VECTOR('',#4104,1000.);
#469=VECTOR('',#4105,1000.);
#470=VECTOR('',#4108,1000.);
#471=VECTOR('',#4109,1000.);
#472=VECTOR('',#4122,1000.);
#473=VECTOR('',#4123,1000.);
#474=VECTOR('',#4128,1000.);
#475=VECTOR('',#4131,1000.);
#476=VECTOR('',#4136,1000.);
#477=VECTOR('',#4137,1000.);
#478=VECTOR('',#4142,1000.);
#479=VECTOR('',#4145,1000.);
#480=VECTOR('',#4150,1000.);
#481=VECTOR('',#4151,1000.);
#482=VECTOR('',#4156,1000.);
#483=VECTOR('',#4159,1000.);
#484=VECTOR('',#4164,1000.);
#485=VECTOR('',#4165,1000.);
#486=VECTOR('',#4170,1000.);
#487=VECTOR('',#4173,1000.);
#488=VECTOR('',#4178,1000.);
#489=VECTOR('',#4179,1000.);
#490=VECTOR('',#4184,1000.);
#491=VECTOR('',#4187,1000.);
#492=VECTOR('',#4192,1000.);
#493=VECTOR('',#4193,1000.);
#494=VECTOR('',#4198,1000.);
#495=VECTOR('',#4201,1000.);
#496=VECTOR('',#4206,1000.);
#497=VECTOR('',#4207,1000.);
#498=VECTOR('',#4212,1000.);
#499=VECTOR('',#4215,1000.);
#500=VECTOR('',#4220,1000.);
#501=VECTOR('',#4221,1000.);
#502=VECTOR('',#4226,1000.);
#503=VECTOR('',#4229,1000.);
#504=VECTOR('',#4234,1000.);
#505=VECTOR('',#4235,1000.);
#506=VECTOR('',#4240,1000.);
#507=VECTOR('',#4243,1000.);
#508=VECTOR('',#4248,1000.);
#509=VECTOR('',#4251,1000.);
#510=VECTOR('',#4254,1000.);
#511=VECTOR('',#4257,1000.);
#512=VECTOR('',#4288,1000.);
#513=VECTOR('',#4289,1000.);
#514=VECTOR('',#4290,1000.);
#515=VECTOR('',#4291,1000.);
#516=VECTOR('',#4294,1000.);
#517=VECTOR('',#4295,1000.);
#518=VECTOR('',#4298,1000.);
#519=VECTOR('',#4301,1000.);
#520=ORIENTED_EDGE('',*,*,#1236,.F.);
#521=ORIENTED_EDGE('',*,*,#1237,.T.);
#522=ORIENTED_EDGE('',*,*,#1238,.T.);
#523=ORIENTED_EDGE('',*,*,#1239,.T.);
#524=ORIENTED_EDGE('',*,*,#1240,.T.);
#525=ORIENTED_EDGE('',*,*,#1241,.T.);
#526=ORIENTED_EDGE('',*,*,#1242,.T.);
#527=ORIENTED_EDGE('',*,*,#1243,.F.);
#528=ORIENTED_EDGE('',*,*,#1244,.T.);
#529=ORIENTED_EDGE('',*,*,#1245,.F.);
#530=ORIENTED_EDGE('',*,*,#1246,.F.);
#531=ORIENTED_EDGE('',*,*,#1247,.F.);
#532=ORIENTED_EDGE('',*,*,#1248,.F.);
#533=ORIENTED_EDGE('',*,*,#1249,.F.);
#534=ORIENTED_EDGE('',*,*,#1250,.F.);
#535=ORIENTED_EDGE('',*,*,#1247,.T.);
#536=ORIENTED_EDGE('',*,*,#1251,.F.);
#537=ORIENTED_EDGE('',*,*,#1240,.F.);
#538=ORIENTED_EDGE('',*,*,#1252,.T.);
#539=ORIENTED_EDGE('',*,*,#1253,.T.);
#540=ORIENTED_EDGE('',*,*,#1254,.F.);
#541=ORIENTED_EDGE('',*,*,#1255,.T.);
#542=ORIENTED_EDGE('',*,*,#1256,.T.);
#543=ORIENTED_EDGE('',*,*,#1257,.T.);
#544=ORIENTED_EDGE('',*,*,#1258,.T.);
#545=ORIENTED_EDGE('',*,*,#1259,.F.);
#546=ORIENTED_EDGE('',*,*,#1260,.F.);
#547=ORIENTED_EDGE('',*,*,#1261,.F.);
#548=ORIENTED_EDGE('',*,*,#1262,.F.);
#549=ORIENTED_EDGE('',*,*,#1263,.F.);
#550=ORIENTED_EDGE('',*,*,#1264,.F.);
#551=ORIENTED_EDGE('',*,*,#1265,.T.);
#552=ORIENTED_EDGE('',*,*,#1266,.T.);
#553=ORIENTED_EDGE('',*,*,#1267,.T.);
#554=ORIENTED_EDGE('',*,*,#1268,.F.);
#555=ORIENTED_EDGE('',*,*,#1269,.T.);
#556=ORIENTED_EDGE('',*,*,#1267,.F.);
#557=ORIENTED_EDGE('',*,*,#1270,.T.);
#558=ORIENTED_EDGE('',*,*,#1271,.T.);
#559=ORIENTED_EDGE('',*,*,#1272,.T.);
#560=ORIENTED_EDGE('',*,*,#1273,.T.);
#561=ORIENTED_EDGE('',*,*,#1274,.T.);
#562=ORIENTED_EDGE('',*,*,#1269,.F.);
#563=ORIENTED_EDGE('',*,*,#1272,.F.);
#564=ORIENTED_EDGE('',*,*,#1275,.T.);
#565=ORIENTED_EDGE('',*,*,#1274,.F.);
#566=ORIENTED_EDGE('',*,*,#1276,.T.);
#567=ORIENTED_EDGE('',*,*,#1277,.T.);
#568=ORIENTED_EDGE('',*,*,#1278,.T.);
#569=ORIENTED_EDGE('',*,*,#1279,.F.);
#570=ORIENTED_EDGE('',*,*,#1280,.T.);
#571=ORIENTED_EDGE('',*,*,#1278,.F.);
#572=ORIENTED_EDGE('',*,*,#1281,.T.);
#573=ORIENTED_EDGE('',*,*,#1282,.T.);
#574=ORIENTED_EDGE('',*,*,#1283,.F.);
#575=ORIENTED_EDGE('',*,*,#1284,.T.);
#576=ORIENTED_EDGE('',*,*,#1285,.T.);
#577=ORIENTED_EDGE('',*,*,#1286,.T.);
#578=ORIENTED_EDGE('',*,*,#1287,.T.);
#579=ORIENTED_EDGE('',*,*,#1265,.F.);
#580=ORIENTED_EDGE('',*,*,#1244,.F.);
#581=ORIENTED_EDGE('',*,*,#1288,.T.);
#582=ORIENTED_EDGE('',*,*,#1289,.T.);
#583=ORIENTED_EDGE('',*,*,#1283,.T.);
#584=ORIENTED_EDGE('',*,*,#1290,.T.);
#585=ORIENTED_EDGE('',*,*,#1254,.T.);
#586=ORIENTED_EDGE('',*,*,#1291,.T.);
#587=ORIENTED_EDGE('',*,*,#1292,.T.);
#588=ORIENTED_EDGE('',*,*,#1293,.T.);
#589=ORIENTED_EDGE('',*,*,#1294,.F.);
#590=ORIENTED_EDGE('',*,*,#1295,.T.);
#591=ORIENTED_EDGE('',*,*,#1296,.T.);
#592=ORIENTED_EDGE('',*,*,#1236,.T.);
#593=ORIENTED_EDGE('',*,*,#1297,.T.);
#594=ORIENTED_EDGE('',*,*,#1294,.T.);
#595=ORIENTED_EDGE('',*,*,#1298,.T.);
#596=ORIENTED_EDGE('',*,*,#1299,.F.);
#597=ORIENTED_EDGE('',*,*,#1268,.T.);
#598=ORIENTED_EDGE('',*,*,#1246,.T.);
#599=ORIENTED_EDGE('',*,*,#1300,.F.);
#600=ORIENTED_EDGE('',*,*,#1241,.F.);
#601=ORIENTED_EDGE('',*,*,#1251,.T.);
#602=ORIENTED_EDGE('',*,*,#1301,.F.);
#603=ORIENTED_EDGE('',*,*,#1245,.T.);
#604=ORIENTED_EDGE('',*,*,#1264,.T.);
#605=ORIENTED_EDGE('',*,*,#1302,.F.);
#606=ORIENTED_EDGE('',*,*,#1255,.F.);
#607=ORIENTED_EDGE('',*,*,#1242,.F.);
#608=ORIENTED_EDGE('',*,*,#1300,.T.);
#609=ORIENTED_EDGE('',*,*,#1280,.F.);
#610=ORIENTED_EDGE('',*,*,#1263,.T.);
#611=ORIENTED_EDGE('',*,*,#1303,.F.);
#612=ORIENTED_EDGE('',*,*,#1256,.F.);
#613=ORIENTED_EDGE('',*,*,#1302,.T.);
#614=ORIENTED_EDGE('',*,*,#1304,.F.);
#615=ORIENTED_EDGE('',*,*,#1257,.F.);
#616=ORIENTED_EDGE('',*,*,#1303,.T.);
#617=ORIENTED_EDGE('',*,*,#1262,.T.);
#618=ORIENTED_EDGE('',*,*,#1279,.T.);
#619=ORIENTED_EDGE('',*,*,#1305,.F.);
#620=ORIENTED_EDGE('',*,*,#1305,.T.);
#621=ORIENTED_EDGE('',*,*,#1306,.T.);
#622=ORIENTED_EDGE('',*,*,#1307,.F.);
#623=ORIENTED_EDGE('',*,*,#1308,.F.);
#624=ORIENTED_EDGE('',*,*,#1306,.F.);
#625=ORIENTED_EDGE('',*,*,#1307,.T.);
#626=ORIENTED_EDGE('',*,*,#1282,.F.);
#627=ORIENTED_EDGE('',*,*,#1308,.T.);
#628=ORIENTED_EDGE('',*,*,#1309,.T.);
#629=ORIENTED_EDGE('',*,*,#1310,.T.);
#630=ORIENTED_EDGE('',*,*,#1311,.T.);
#631=ORIENTED_EDGE('',*,*,#1309,.F.);
#632=ORIENTED_EDGE('',*,*,#1299,.T.);
#633=ORIENTED_EDGE('',*,*,#1311,.F.);
#634=ORIENTED_EDGE('',*,*,#1310,.F.);
#635=ORIENTED_EDGE('',*,*,#1312,.T.);
#636=ORIENTED_EDGE('',*,*,#1313,.T.);
#637=ORIENTED_EDGE('',*,*,#1312,.F.);
#638=ORIENTED_EDGE('',*,*,#1313,.F.);
#639=ORIENTED_EDGE('',*,*,#1314,.T.);
#640=ORIENTED_EDGE('',*,*,#1314,.F.);
#641=ORIENTED_EDGE('',*,*,#1315,.T.);
#642=ORIENTED_EDGE('',*,*,#1315,.F.);
#643=ORIENTED_EDGE('',*,*,#1316,.T.);
#644=ORIENTED_EDGE('',*,*,#1316,.F.);
#645=ORIENTED_EDGE('',*,*,#1317,.T.);
#646=ORIENTED_EDGE('',*,*,#1317,.F.);
#647=ORIENTED_EDGE('',*,*,#1318,.T.);
#648=ORIENTED_EDGE('',*,*,#1318,.F.);
#649=ORIENTED_EDGE('',*,*,#1319,.T.);
#650=ORIENTED_EDGE('',*,*,#1319,.F.);
#651=ORIENTED_EDGE('',*,*,#1320,.T.);
#652=ORIENTED_EDGE('',*,*,#1320,.F.);
#653=ORIENTED_EDGE('',*,*,#1321,.T.);
#654=ORIENTED_EDGE('',*,*,#1321,.F.);
#655=ORIENTED_EDGE('',*,*,#1322,.T.);
#656=ORIENTED_EDGE('',*,*,#1322,.F.);
#657=ORIENTED_EDGE('',*,*,#1323,.T.);
#658=ORIENTED_EDGE('',*,*,#1324,.T.);
#659=ORIENTED_EDGE('',*,*,#1323,.F.);
#660=ORIENTED_EDGE('',*,*,#1324,.F.);
#661=ORIENTED_EDGE('',*,*,#1239,.F.);
#662=ORIENTED_EDGE('',*,*,#1325,.T.);
#663=ORIENTED_EDGE('',*,*,#1298,.F.);
#664=ORIENTED_EDGE('',*,*,#1293,.F.);
#665=ORIENTED_EDGE('',*,*,#1326,.T.);
#666=ORIENTED_EDGE('',*,*,#1258,.F.);
#667=ORIENTED_EDGE('',*,*,#1304,.T.);
#668=ORIENTED_EDGE('',*,*,#1261,.T.);
#669=ORIENTED_EDGE('',*,*,#1327,.T.);
#670=ORIENTED_EDGE('',*,*,#1290,.F.);
#671=ORIENTED_EDGE('',*,*,#1285,.F.);
#672=ORIENTED_EDGE('',*,*,#1328,.T.);
#673=ORIENTED_EDGE('',*,*,#1248,.T.);
#674=ORIENTED_EDGE('',*,*,#1250,.T.);
#675=ORIENTED_EDGE('',*,*,#1253,.F.);
#676=ORIENTED_EDGE('',*,*,#1329,.F.);
#677=ORIENTED_EDGE('',*,*,#1291,.F.);
#678=ORIENTED_EDGE('',*,*,#1252,.F.);
#679=ORIENTED_EDGE('',*,*,#1326,.F.);
#680=ORIENTED_EDGE('',*,*,#1292,.F.);
#681=ORIENTED_EDGE('',*,*,#1329,.T.);
#682=ORIENTED_EDGE('',*,*,#1238,.F.);
#683=ORIENTED_EDGE('',*,*,#1330,.T.);
#684=ORIENTED_EDGE('',*,*,#1295,.F.);
#685=ORIENTED_EDGE('',*,*,#1297,.F.);
#686=ORIENTED_EDGE('',*,*,#1325,.F.);
#687=ORIENTED_EDGE('',*,*,#1327,.F.);
#688=ORIENTED_EDGE('',*,*,#1260,.T.);
#689=ORIENTED_EDGE('',*,*,#1331,.T.);
#690=ORIENTED_EDGE('',*,*,#1286,.F.);
#691=ORIENTED_EDGE('',*,*,#1332,.T.);
#692=ORIENTED_EDGE('',*,*,#1249,.T.);
#693=ORIENTED_EDGE('',*,*,#1328,.F.);
#694=ORIENTED_EDGE('',*,*,#1284,.F.);
#695=ORIENTED_EDGE('',*,*,#1289,.F.);
#696=ORIENTED_EDGE('',*,*,#1237,.F.);
#697=ORIENTED_EDGE('',*,*,#1296,.F.);
#698=ORIENTED_EDGE('',*,*,#1330,.F.);
#699=ORIENTED_EDGE('',*,*,#1331,.F.);
#700=ORIENTED_EDGE('',*,*,#1259,.T.);
#701=ORIENTED_EDGE('',*,*,#1287,.F.);
#702=ORIENTED_EDGE('',*,*,#1288,.F.);
#703=ORIENTED_EDGE('',*,*,#1243,.T.);
#704=ORIENTED_EDGE('',*,*,#1332,.F.);
#705=ORIENTED_EDGE('',*,*,#1277,.F.);
#706=ORIENTED_EDGE('',*,*,#1281,.F.);
#707=ORIENTED_EDGE('',*,*,#1275,.F.);
#708=ORIENTED_EDGE('',*,*,#1271,.F.);
#709=ORIENTED_EDGE('',*,*,#1276,.F.);
#710=ORIENTED_EDGE('',*,*,#1273,.F.);
#711=ORIENTED_EDGE('',*,*,#1266,.F.);
#712=ORIENTED_EDGE('',*,*,#1270,.F.);
#713=ORIENTED_EDGE('',*,*,#1301,.T.);
#714=ORIENTED_EDGE('',*,*,#1333,.T.);
#715=ORIENTED_EDGE('',*,*,#1334,.F.);
#716=ORIENTED_EDGE('',*,*,#1335,.F.);
#717=ORIENTED_EDGE('',*,*,#1334,.T.);
#718=ORIENTED_EDGE('',*,*,#1336,.F.);
#719=ORIENTED_EDGE('',*,*,#1335,.T.);
#720=ORIENTED_EDGE('',*,*,#1337,.F.);
#721=ORIENTED_EDGE('',*,*,#1336,.T.);
#722=ORIENTED_EDGE('',*,*,#1338,.F.);
#723=ORIENTED_EDGE('',*,*,#1337,.T.);
#724=ORIENTED_EDGE('',*,*,#1333,.F.);
#725=ORIENTED_EDGE('',*,*,#1338,.T.);
#726=ORIENTED_EDGE('',*,*,#1339,.F.);
#727=ORIENTED_EDGE('',*,*,#1340,.T.);
#728=ORIENTED_EDGE('',*,*,#1341,.T.);
#729=ORIENTED_EDGE('',*,*,#1342,.F.);
#730=ORIENTED_EDGE('',*,*,#1343,.T.);
#731=ORIENTED_EDGE('',*,*,#1344,.T.);
#732=ORIENTED_EDGE('',*,*,#1345,.T.);
#733=ORIENTED_EDGE('',*,*,#1346,.T.);
#734=ORIENTED_EDGE('',*,*,#1347,.T.);
#735=ORIENTED_EDGE('',*,*,#1348,.T.);
#736=ORIENTED_EDGE('',*,*,#1349,.T.);
#737=ORIENTED_EDGE('',*,*,#1350,.T.);
#738=ORIENTED_EDGE('',*,*,#1351,.T.);
#739=ORIENTED_EDGE('',*,*,#1352,.F.);
#740=ORIENTED_EDGE('',*,*,#1353,.F.);
#741=ORIENTED_EDGE('',*,*,#1354,.T.);
#742=ORIENTED_EDGE('',*,*,#1339,.T.);
#743=ORIENTED_EDGE('',*,*,#1355,.T.);
#744=ORIENTED_EDGE('',*,*,#1356,.T.);
#745=ORIENTED_EDGE('',*,*,#1357,.T.);
#746=ORIENTED_EDGE('',*,*,#1358,.F.);
#747=ORIENTED_EDGE('',*,*,#1359,.T.);
#748=ORIENTED_EDGE('',*,*,#1360,.F.);
#749=ORIENTED_EDGE('',*,*,#1352,.T.);
#750=ORIENTED_EDGE('',*,*,#1361,.T.);
#751=ORIENTED_EDGE('',*,*,#1358,.T.);
#752=ORIENTED_EDGE('',*,*,#1362,.T.);
#753=ORIENTED_EDGE('',*,*,#1363,.T.);
#754=ORIENTED_EDGE('',*,*,#1364,.T.);
#755=ORIENTED_EDGE('',*,*,#1365,.F.);
#756=ORIENTED_EDGE('',*,*,#1366,.T.);
#757=ORIENTED_EDGE('',*,*,#1367,.T.);
#758=ORIENTED_EDGE('',*,*,#1368,.T.);
#759=ORIENTED_EDGE('',*,*,#1365,.T.);
#760=ORIENTED_EDGE('',*,*,#1369,.T.);
#761=ORIENTED_EDGE('',*,*,#1370,.F.);
#762=ORIENTED_EDGE('',*,*,#1371,.T.);
#763=ORIENTED_EDGE('',*,*,#1370,.T.);
#764=ORIENTED_EDGE('',*,*,#1372,.T.);
#765=ORIENTED_EDGE('',*,*,#1373,.F.);
#766=ORIENTED_EDGE('',*,*,#1374,.T.);
#767=ORIENTED_EDGE('',*,*,#1373,.T.);
#768=ORIENTED_EDGE('',*,*,#1375,.T.);
#769=ORIENTED_EDGE('',*,*,#1376,.F.);
#770=ORIENTED_EDGE('',*,*,#1377,.T.);
#771=ORIENTED_EDGE('',*,*,#1376,.T.);
#772=ORIENTED_EDGE('',*,*,#1378,.T.);
#773=ORIENTED_EDGE('',*,*,#1379,.F.);
#774=ORIENTED_EDGE('',*,*,#1380,.T.);
#775=ORIENTED_EDGE('',*,*,#1381,.F.);
#776=ORIENTED_EDGE('',*,*,#1382,.T.);
#777=ORIENTED_EDGE('',*,*,#1383,.T.);
#778=ORIENTED_EDGE('',*,*,#1384,.F.);
#779=ORIENTED_EDGE('',*,*,#1385,.T.);
#780=ORIENTED_EDGE('',*,*,#1386,.T.);
#781=ORIENTED_EDGE('',*,*,#1387,.T.);
#782=ORIENTED_EDGE('',*,*,#1379,.T.);
#783=ORIENTED_EDGE('',*,*,#1388,.T.);
#784=ORIENTED_EDGE('',*,*,#1389,.F.);
#785=ORIENTED_EDGE('',*,*,#1390,.F.);
#786=ORIENTED_EDGE('',*,*,#1391,.F.);
#787=ORIENTED_EDGE('',*,*,#1384,.T.);
#788=ORIENTED_EDGE('',*,*,#1392,.T.);
#789=ORIENTED_EDGE('',*,*,#1393,.T.);
#790=ORIENTED_EDGE('',*,*,#1394,.T.);
#791=ORIENTED_EDGE('',*,*,#1395,.T.);
#792=ORIENTED_EDGE('',*,*,#1396,.T.);
#793=ORIENTED_EDGE('',*,*,#1397,.T.);
#794=ORIENTED_EDGE('',*,*,#1398,.T.);
#795=ORIENTED_EDGE('',*,*,#1399,.T.);
#796=ORIENTED_EDGE('',*,*,#1341,.F.);
#797=ORIENTED_EDGE('',*,*,#1400,.T.);
#798=ORIENTED_EDGE('',*,*,#1401,.F.);
#799=ORIENTED_EDGE('',*,*,#1390,.T.);
#800=ORIENTED_EDGE('',*,*,#1402,.T.);
#801=ORIENTED_EDGE('',*,*,#1403,.T.);
#802=ORIENTED_EDGE('',*,*,#1353,.T.);
#803=ORIENTED_EDGE('',*,*,#1360,.T.);
#804=ORIENTED_EDGE('',*,*,#1404,.F.);
#805=ORIENTED_EDGE('',*,*,#1401,.T.);
#806=ORIENTED_EDGE('',*,*,#1405,.F.);
#807=ORIENTED_EDGE('',*,*,#1406,.T.);
#808=ORIENTED_EDGE('',*,*,#1402,.F.);
#809=ORIENTED_EDGE('',*,*,#1407,.T.);
#810=ORIENTED_EDGE('',*,*,#1356,.F.);
#811=ORIENTED_EDGE('',*,*,#1351,.F.);
#812=ORIENTED_EDGE('',*,*,#1406,.F.);
#813=ORIENTED_EDGE('',*,*,#1355,.F.);
#814=ORIENTED_EDGE('',*,*,#1342,.T.);
#815=ORIENTED_EDGE('',*,*,#1403,.F.);
#816=ORIENTED_EDGE('',*,*,#1340,.F.);
#817=ORIENTED_EDGE('',*,*,#1354,.F.);
#818=ORIENTED_EDGE('',*,*,#1405,.T.);
#819=ORIENTED_EDGE('',*,*,#1400,.F.);
#820=ORIENTED_EDGE('',*,*,#1408,.F.);
#821=ORIENTED_EDGE('',*,*,#1348,.F.);
#822=ORIENTED_EDGE('',*,*,#1409,.T.);
#823=ORIENTED_EDGE('',*,*,#1397,.F.);
#824=ORIENTED_EDGE('',*,*,#1410,.F.);
#825=ORIENTED_EDGE('',*,*,#1349,.F.);
#826=ORIENTED_EDGE('',*,*,#1408,.T.);
#827=ORIENTED_EDGE('',*,*,#1396,.F.);
#828=ORIENTED_EDGE('',*,*,#1411,.F.);
#829=ORIENTED_EDGE('',*,*,#1350,.F.);
#830=ORIENTED_EDGE('',*,*,#1410,.T.);
#831=ORIENTED_EDGE('',*,*,#1399,.F.);
#832=ORIENTED_EDGE('',*,*,#1409,.F.);
#833=ORIENTED_EDGE('',*,*,#1347,.F.);
#834=ORIENTED_EDGE('',*,*,#1411,.T.);
#835=ORIENTED_EDGE('',*,*,#1398,.F.);
#836=ORIENTED_EDGE('',*,*,#1412,.F.);
#837=ORIENTED_EDGE('',*,*,#1344,.F.);
#838=ORIENTED_EDGE('',*,*,#1413,.T.);
#839=ORIENTED_EDGE('',*,*,#1393,.F.);
#840=ORIENTED_EDGE('',*,*,#1414,.F.);
#841=ORIENTED_EDGE('',*,*,#1345,.F.);
#842=ORIENTED_EDGE('',*,*,#1412,.T.);
#843=ORIENTED_EDGE('',*,*,#1392,.F.);
#844=ORIENTED_EDGE('',*,*,#1415,.F.);
#845=ORIENTED_EDGE('',*,*,#1346,.F.);
#846=ORIENTED_EDGE('',*,*,#1414,.T.);
#847=ORIENTED_EDGE('',*,*,#1395,.F.);
#848=ORIENTED_EDGE('',*,*,#1413,.F.);
#849=ORIENTED_EDGE('',*,*,#1343,.F.);
#850=ORIENTED_EDGE('',*,*,#1415,.T.);
#851=ORIENTED_EDGE('',*,*,#1394,.F.);
#852=ORIENTED_EDGE('',*,*,#1381,.T.);
#853=ORIENTED_EDGE('',*,*,#1361,.F.);
#854=ORIENTED_EDGE('',*,*,#1416,.F.);
#855=ORIENTED_EDGE('',*,*,#1388,.F.);
#856=ORIENTED_EDGE('',*,*,#1378,.F.);
#857=ORIENTED_EDGE('',*,*,#1375,.F.);
#858=ORIENTED_EDGE('',*,*,#1372,.F.);
#859=ORIENTED_EDGE('',*,*,#1369,.F.);
#860=ORIENTED_EDGE('',*,*,#1364,.F.);
#861=ORIENTED_EDGE('',*,*,#1407,.F.);
#862=ORIENTED_EDGE('',*,*,#1389,.T.);
#863=ORIENTED_EDGE('',*,*,#1383,.F.);
#864=ORIENTED_EDGE('',*,*,#1417,.T.);
#865=ORIENTED_EDGE('',*,*,#1362,.F.);
#866=ORIENTED_EDGE('',*,*,#1357,.F.);
#867=ORIENTED_EDGE('',*,*,#1417,.F.);
#868=ORIENTED_EDGE('',*,*,#1382,.F.);
#869=ORIENTED_EDGE('',*,*,#1416,.T.);
#870=ORIENTED_EDGE('',*,*,#1363,.F.);
#871=ORIENTED_EDGE('',*,*,#1371,.F.);
#872=ORIENTED_EDGE('',*,*,#1374,.F.);
#873=ORIENTED_EDGE('',*,*,#1377,.F.);
#874=ORIENTED_EDGE('',*,*,#1380,.F.);
#875=ORIENTED_EDGE('',*,*,#1387,.F.);
#876=ORIENTED_EDGE('',*,*,#1418,.T.);
#877=ORIENTED_EDGE('',*,*,#1366,.F.);
#878=ORIENTED_EDGE('',*,*,#1418,.F.);
#879=ORIENTED_EDGE('',*,*,#1386,.F.);
#880=ORIENTED_EDGE('',*,*,#1419,.T.);
#881=ORIENTED_EDGE('',*,*,#1367,.F.);
#882=ORIENTED_EDGE('',*,*,#1368,.F.);
#883=ORIENTED_EDGE('',*,*,#1419,.F.);
#884=ORIENTED_EDGE('',*,*,#1385,.F.);
#885=ORIENTED_EDGE('',*,*,#1391,.T.);
#886=ORIENTED_EDGE('',*,*,#1404,.T.);
#887=ORIENTED_EDGE('',*,*,#1359,.F.);
#888=ORIENTED_EDGE('',*,*,#1420,.T.);
#889=ORIENTED_EDGE('',*,*,#1421,.T.);
#890=ORIENTED_EDGE('',*,*,#1422,.F.);
#891=ORIENTED_EDGE('',*,*,#1423,.T.);
#892=ORIENTED_EDGE('',*,*,#1424,.T.);
#893=ORIENTED_EDGE('',*,*,#1425,.T.);
#894=ORIENTED_EDGE('',*,*,#1426,.F.);
#895=ORIENTED_EDGE('',*,*,#1427,.T.);
#896=ORIENTED_EDGE('',*,*,#1428,.T.);
#897=ORIENTED_EDGE('',*,*,#1429,.T.);
#898=ORIENTED_EDGE('',*,*,#1430,.F.);
#899=ORIENTED_EDGE('',*,*,#1431,.T.);
#900=ORIENTED_EDGE('',*,*,#1432,.T.);
#901=ORIENTED_EDGE('',*,*,#1433,.T.);
#902=ORIENTED_EDGE('',*,*,#1434,.F.);
#903=ORIENTED_EDGE('',*,*,#1435,.T.);
#904=ORIENTED_EDGE('',*,*,#1436,.T.);
#905=ORIENTED_EDGE('',*,*,#1437,.T.);
#906=ORIENTED_EDGE('',*,*,#1438,.F.);
#907=ORIENTED_EDGE('',*,*,#1439,.T.);
#908=ORIENTED_EDGE('',*,*,#1440,.T.);
#909=ORIENTED_EDGE('',*,*,#1441,.T.);
#910=ORIENTED_EDGE('',*,*,#1442,.F.);
#911=ORIENTED_EDGE('',*,*,#1443,.T.);
#912=ORIENTED_EDGE('',*,*,#1444,.T.);
#913=ORIENTED_EDGE('',*,*,#1445,.T.);
#914=ORIENTED_EDGE('',*,*,#1446,.F.);
#915=ORIENTED_EDGE('',*,*,#1447,.T.);
#916=ORIENTED_EDGE('',*,*,#1448,.T.);
#917=ORIENTED_EDGE('',*,*,#1449,.T.);
#918=ORIENTED_EDGE('',*,*,#1450,.F.);
#919=ORIENTED_EDGE('',*,*,#1451,.T.);
#920=ORIENTED_EDGE('',*,*,#1452,.T.);
#921=ORIENTED_EDGE('',*,*,#1453,.T.);
#922=ORIENTED_EDGE('',*,*,#1454,.F.);
#923=ORIENTED_EDGE('',*,*,#1455,.T.);
#924=ORIENTED_EDGE('',*,*,#1456,.T.);
#925=ORIENTED_EDGE('',*,*,#1457,.T.);
#926=ORIENTED_EDGE('',*,*,#1458,.F.);
#927=ORIENTED_EDGE('',*,*,#1459,.T.);
#928=ORIENTED_EDGE('',*,*,#1460,.T.);
#929=ORIENTED_EDGE('',*,*,#1461,.T.);
#930=ORIENTED_EDGE('',*,*,#1462,.T.);
#931=ORIENTED_EDGE('',*,*,#1448,.F.);
#932=ORIENTED_EDGE('',*,*,#1463,.F.);
#933=ORIENTED_EDGE('',*,*,#1464,.T.);
#934=ORIENTED_EDGE('',*,*,#1465,.T.);
#935=ORIENTED_EDGE('',*,*,#1452,.F.);
#936=ORIENTED_EDGE('',*,*,#1466,.F.);
#937=ORIENTED_EDGE('',*,*,#1467,.T.);
#938=ORIENTED_EDGE('',*,*,#1468,.T.);
#939=ORIENTED_EDGE('',*,*,#1456,.F.);
#940=ORIENTED_EDGE('',*,*,#1469,.F.);
#941=ORIENTED_EDGE('',*,*,#1470,.T.);
#942=ORIENTED_EDGE('',*,*,#1471,.T.);
#943=ORIENTED_EDGE('',*,*,#1420,.F.);
#944=ORIENTED_EDGE('',*,*,#1472,.F.);
#945=ORIENTED_EDGE('',*,*,#1473,.T.);
#946=ORIENTED_EDGE('',*,*,#1474,.T.);
#947=ORIENTED_EDGE('',*,*,#1424,.F.);
#948=ORIENTED_EDGE('',*,*,#1475,.F.);
#949=ORIENTED_EDGE('',*,*,#1476,.T.);
#950=ORIENTED_EDGE('',*,*,#1477,.T.);
#951=ORIENTED_EDGE('',*,*,#1428,.F.);
#952=ORIENTED_EDGE('',*,*,#1478,.F.);
#953=ORIENTED_EDGE('',*,*,#1479,.T.);
#954=ORIENTED_EDGE('',*,*,#1480,.T.);
#955=ORIENTED_EDGE('',*,*,#1432,.F.);
#956=ORIENTED_EDGE('',*,*,#1481,.F.);
#957=ORIENTED_EDGE('',*,*,#1482,.T.);
#958=ORIENTED_EDGE('',*,*,#1483,.T.);
#959=ORIENTED_EDGE('',*,*,#1436,.F.);
#960=ORIENTED_EDGE('',*,*,#1484,.F.);
#961=ORIENTED_EDGE('',*,*,#1485,.T.);
#962=ORIENTED_EDGE('',*,*,#1486,.T.);
#963=ORIENTED_EDGE('',*,*,#1440,.F.);
#964=ORIENTED_EDGE('',*,*,#1487,.F.);
#965=ORIENTED_EDGE('',*,*,#1488,.T.);
#966=ORIENTED_EDGE('',*,*,#1489,.T.);
#967=ORIENTED_EDGE('',*,*,#1444,.F.);
#968=ORIENTED_EDGE('',*,*,#1490,.F.);
#969=ORIENTED_EDGE('',*,*,#1491,.T.);
#970=ORIENTED_EDGE('',*,*,#1458,.T.);
#971=ORIENTED_EDGE('',*,*,#1492,.T.);
#972=ORIENTED_EDGE('',*,*,#1493,.T.);
#973=ORIENTED_EDGE('',*,*,#1494,.T.);
#974=ORIENTED_EDGE('',*,*,#1454,.T.);
#975=ORIENTED_EDGE('',*,*,#1495,.T.);
#976=ORIENTED_EDGE('',*,*,#1496,.T.);
#977=ORIENTED_EDGE('',*,*,#1497,.T.);
#978=ORIENTED_EDGE('',*,*,#1450,.T.);
#979=ORIENTED_EDGE('',*,*,#1498,.T.);
#980=ORIENTED_EDGE('',*,*,#1499,.T.);
#981=ORIENTED_EDGE('',*,*,#1500,.T.);
#982=ORIENTED_EDGE('',*,*,#1446,.T.);
#983=ORIENTED_EDGE('',*,*,#1501,.T.);
#984=ORIENTED_EDGE('',*,*,#1502,.T.);
#985=ORIENTED_EDGE('',*,*,#1503,.T.);
#986=ORIENTED_EDGE('',*,*,#1442,.T.);
#987=ORIENTED_EDGE('',*,*,#1504,.T.);
#988=ORIENTED_EDGE('',*,*,#1505,.T.);
#989=ORIENTED_EDGE('',*,*,#1506,.T.);
#990=ORIENTED_EDGE('',*,*,#1438,.T.);
#991=ORIENTED_EDGE('',*,*,#1507,.T.);
#992=ORIENTED_EDGE('',*,*,#1508,.T.);
#993=ORIENTED_EDGE('',*,*,#1509,.T.);
#994=ORIENTED_EDGE('',*,*,#1434,.T.);
#995=ORIENTED_EDGE('',*,*,#1510,.T.);
#996=ORIENTED_EDGE('',*,*,#1511,.T.);
#997=ORIENTED_EDGE('',*,*,#1512,.T.);
#998=ORIENTED_EDGE('',*,*,#1430,.T.);
#999=ORIENTED_EDGE('',*,*,#1513,.T.);
#1000=ORIENTED_EDGE('',*,*,#1514,.T.);
#1001=ORIENTED_EDGE('',*,*,#1515,.T.);
#1002=ORIENTED_EDGE('',*,*,#1426,.T.);
#1003=ORIENTED_EDGE('',*,*,#1516,.T.);
#1004=ORIENTED_EDGE('',*,*,#1517,.T.);
#1005=ORIENTED_EDGE('',*,*,#1518,.T.);
#1006=ORIENTED_EDGE('',*,*,#1422,.T.);
#1007=ORIENTED_EDGE('',*,*,#1519,.T.);
#1008=ORIENTED_EDGE('',*,*,#1520,.T.);
#1009=ORIENTED_EDGE('',*,*,#1521,.F.);
#1010=ORIENTED_EDGE('',*,*,#1522,.T.);
#1011=ORIENTED_EDGE('',*,*,#1460,.F.);
#1012=ORIENTED_EDGE('',*,*,#1521,.T.);
#1013=ORIENTED_EDGE('',*,*,#1522,.F.);
#1014=ORIENTED_EDGE('',*,*,#1468,.F.);
#1015=ORIENTED_EDGE('',*,*,#1523,.T.);
#1016=ORIENTED_EDGE('',*,*,#1524,.T.);
#1017=ORIENTED_EDGE('',*,*,#1492,.F.);
#1018=ORIENTED_EDGE('',*,*,#1457,.F.);
#1019=ORIENTED_EDGE('',*,*,#1493,.F.);
#1020=ORIENTED_EDGE('',*,*,#1524,.F.);
#1021=ORIENTED_EDGE('',*,*,#1525,.T.);
#1022=ORIENTED_EDGE('',*,*,#1526,.T.);
#1023=ORIENTED_EDGE('',*,*,#1494,.F.);
#1024=ORIENTED_EDGE('',*,*,#1526,.F.);
#1025=ORIENTED_EDGE('',*,*,#1527,.T.);
#1026=ORIENTED_EDGE('',*,*,#1466,.T.);
#1027=ORIENTED_EDGE('',*,*,#1455,.F.);
#1028=ORIENTED_EDGE('',*,*,#1527,.F.);
#1029=ORIENTED_EDGE('',*,*,#1525,.F.);
#1030=ORIENTED_EDGE('',*,*,#1523,.F.);
#1031=ORIENTED_EDGE('',*,*,#1467,.F.);
#1032=ORIENTED_EDGE('',*,*,#1465,.F.);
#1033=ORIENTED_EDGE('',*,*,#1528,.T.);
#1034=ORIENTED_EDGE('',*,*,#1529,.T.);
#1035=ORIENTED_EDGE('',*,*,#1495,.F.);
#1036=ORIENTED_EDGE('',*,*,#1453,.F.);
#1037=ORIENTED_EDGE('',*,*,#1496,.F.);
#1038=ORIENTED_EDGE('',*,*,#1529,.F.);
#1039=ORIENTED_EDGE('',*,*,#1530,.T.);
#1040=ORIENTED_EDGE('',*,*,#1531,.T.);
#1041=ORIENTED_EDGE('',*,*,#1497,.F.);
#1042=ORIENTED_EDGE('',*,*,#1531,.F.);
#1043=ORIENTED_EDGE('',*,*,#1532,.T.);
#1044=ORIENTED_EDGE('',*,*,#1463,.T.);
#1045=ORIENTED_EDGE('',*,*,#1451,.F.);
#1046=ORIENTED_EDGE('',*,*,#1532,.F.);
#1047=ORIENTED_EDGE('',*,*,#1530,.F.);
#1048=ORIENTED_EDGE('',*,*,#1528,.F.);
#1049=ORIENTED_EDGE('',*,*,#1464,.F.);
#1050=ORIENTED_EDGE('',*,*,#1462,.F.);
#1051=ORIENTED_EDGE('',*,*,#1533,.T.);
#1052=ORIENTED_EDGE('',*,*,#1534,.T.);
#1053=ORIENTED_EDGE('',*,*,#1498,.F.);
#1054=ORIENTED_EDGE('',*,*,#1449,.F.);
#1055=ORIENTED_EDGE('',*,*,#1499,.F.);
#1056=ORIENTED_EDGE('',*,*,#1534,.F.);
#1057=ORIENTED_EDGE('',*,*,#1535,.T.);
#1058=ORIENTED_EDGE('',*,*,#1536,.T.);
#1059=ORIENTED_EDGE('',*,*,#1500,.F.);
#1060=ORIENTED_EDGE('',*,*,#1536,.F.);
#1061=ORIENTED_EDGE('',*,*,#1537,.T.);
#1062=ORIENTED_EDGE('',*,*,#1490,.T.);
#1063=ORIENTED_EDGE('',*,*,#1447,.F.);
#1064=ORIENTED_EDGE('',*,*,#1537,.F.);
#1065=ORIENTED_EDGE('',*,*,#1535,.F.);
#1066=ORIENTED_EDGE('',*,*,#1533,.F.);
#1067=ORIENTED_EDGE('',*,*,#1461,.F.);
#1068=ORIENTED_EDGE('',*,*,#1489,.F.);
#1069=ORIENTED_EDGE('',*,*,#1538,.T.);
#1070=ORIENTED_EDGE('',*,*,#1539,.T.);
#1071=ORIENTED_EDGE('',*,*,#1501,.F.);
#1072=ORIENTED_EDGE('',*,*,#1445,.F.);
#1073=ORIENTED_EDGE('',*,*,#1502,.F.);
#1074=ORIENTED_EDGE('',*,*,#1539,.F.);
#1075=ORIENTED_EDGE('',*,*,#1540,.T.);
#1076=ORIENTED_EDGE('',*,*,#1541,.T.);
#1077=ORIENTED_EDGE('',*,*,#1503,.F.);
#1078=ORIENTED_EDGE('',*,*,#1541,.F.);
#1079=ORIENTED_EDGE('',*,*,#1542,.T.);
#1080=ORIENTED_EDGE('',*,*,#1487,.T.);
#1081=ORIENTED_EDGE('',*,*,#1443,.F.);
#1082=ORIENTED_EDGE('',*,*,#1542,.F.);
#1083=ORIENTED_EDGE('',*,*,#1540,.F.);
#1084=ORIENTED_EDGE('',*,*,#1538,.F.);
#1085=ORIENTED_EDGE('',*,*,#1488,.F.);
#1086=ORIENTED_EDGE('',*,*,#1486,.F.);
#1087=ORIENTED_EDGE('',*,*,#1543,.T.);
#1088=ORIENTED_EDGE('',*,*,#1544,.T.);
#1089=ORIENTED_EDGE('',*,*,#1504,.F.);
#1090=ORIENTED_EDGE('',*,*,#1441,.F.);
#1091=ORIENTED_EDGE('',*,*,#1505,.F.);
#1092=ORIENTED_EDGE('',*,*,#1544,.F.);
#1093=ORIENTED_EDGE('',*,*,#1545,.T.);
#1094=ORIENTED_EDGE('',*,*,#1546,.T.);
#1095=ORIENTED_EDGE('',*,*,#1506,.F.);
#1096=ORIENTED_EDGE('',*,*,#1546,.F.);
#1097=ORIENTED_EDGE('',*,*,#1547,.T.);
#1098=ORIENTED_EDGE('',*,*,#1484,.T.);
#1099=ORIENTED_EDGE('',*,*,#1439,.F.);
#1100=ORIENTED_EDGE('',*,*,#1547,.F.);
#1101=ORIENTED_EDGE('',*,*,#1545,.F.);
#1102=ORIENTED_EDGE('',*,*,#1543,.F.);
#1103=ORIENTED_EDGE('',*,*,#1485,.F.);
#1104=ORIENTED_EDGE('',*,*,#1483,.F.);
#1105=ORIENTED_EDGE('',*,*,#1548,.T.);
#1106=ORIENTED_EDGE('',*,*,#1549,.T.);
#1107=ORIENTED_EDGE('',*,*,#1507,.F.);
#1108=ORIENTED_EDGE('',*,*,#1437,.F.);
#1109=ORIENTED_EDGE('',*,*,#1508,.F.);
#1110=ORIENTED_EDGE('',*,*,#1549,.F.);
#1111=ORIENTED_EDGE('',*,*,#1550,.T.);
#1112=ORIENTED_EDGE('',*,*,#1551,.T.);
#1113=ORIENTED_EDGE('',*,*,#1509,.F.);
#1114=ORIENTED_EDGE('',*,*,#1551,.F.);
#1115=ORIENTED_EDGE('',*,*,#1552,.T.);
#1116=ORIENTED_EDGE('',*,*,#1481,.T.);
#1117=ORIENTED_EDGE('',*,*,#1435,.F.);
#1118=ORIENTED_EDGE('',*,*,#1552,.F.);
#1119=ORIENTED_EDGE('',*,*,#1550,.F.);
#1120=ORIENTED_EDGE('',*,*,#1548,.F.);
#1121=ORIENTED_EDGE('',*,*,#1482,.F.);
#1122=ORIENTED_EDGE('',*,*,#1480,.F.);
#1123=ORIENTED_EDGE('',*,*,#1553,.T.);
#1124=ORIENTED_EDGE('',*,*,#1554,.T.);
#1125=ORIENTED_EDGE('',*,*,#1510,.F.);
#1126=ORIENTED_EDGE('',*,*,#1433,.F.);
#1127=ORIENTED_EDGE('',*,*,#1511,.F.);
#1128=ORIENTED_EDGE('',*,*,#1554,.F.);
#1129=ORIENTED_EDGE('',*,*,#1555,.T.);
#1130=ORIENTED_EDGE('',*,*,#1556,.T.);
#1131=ORIENTED_EDGE('',*,*,#1512,.F.);
#1132=ORIENTED_EDGE('',*,*,#1556,.F.);
#1133=ORIENTED_EDGE('',*,*,#1557,.T.);
#1134=ORIENTED_EDGE('',*,*,#1478,.T.);
#1135=ORIENTED_EDGE('',*,*,#1431,.F.);
#1136=ORIENTED_EDGE('',*,*,#1557,.F.);
#1137=ORIENTED_EDGE('',*,*,#1555,.F.);
#1138=ORIENTED_EDGE('',*,*,#1553,.F.);
#1139=ORIENTED_EDGE('',*,*,#1479,.F.);
#1140=ORIENTED_EDGE('',*,*,#1477,.F.);
#1141=ORIENTED_EDGE('',*,*,#1558,.T.);
#1142=ORIENTED_EDGE('',*,*,#1559,.T.);
#1143=ORIENTED_EDGE('',*,*,#1513,.F.);
#1144=ORIENTED_EDGE('',*,*,#1429,.F.);
#1145=ORIENTED_EDGE('',*,*,#1514,.F.);
#1146=ORIENTED_EDGE('',*,*,#1559,.F.);
#1147=ORIENTED_EDGE('',*,*,#1560,.T.);
#1148=ORIENTED_EDGE('',*,*,#1561,.T.);
#1149=ORIENTED_EDGE('',*,*,#1515,.F.);
#1150=ORIENTED_EDGE('',*,*,#1561,.F.);
#1151=ORIENTED_EDGE('',*,*,#1562,.T.);
#1152=ORIENTED_EDGE('',*,*,#1475,.T.);
#1153=ORIENTED_EDGE('',*,*,#1427,.F.);
#1154=ORIENTED_EDGE('',*,*,#1562,.F.);
#1155=ORIENTED_EDGE('',*,*,#1560,.F.);
#1156=ORIENTED_EDGE('',*,*,#1558,.F.);
#1157=ORIENTED_EDGE('',*,*,#1476,.F.);
#1158=ORIENTED_EDGE('',*,*,#1474,.F.);
#1159=ORIENTED_EDGE('',*,*,#1563,.T.);
#1160=ORIENTED_EDGE('',*,*,#1564,.T.);
#1161=ORIENTED_EDGE('',*,*,#1516,.F.);
#1162=ORIENTED_EDGE('',*,*,#1425,.F.);
#1163=ORIENTED_EDGE('',*,*,#1517,.F.);
#1164=ORIENTED_EDGE('',*,*,#1564,.F.);
#1165=ORIENTED_EDGE('',*,*,#1565,.T.);
#1166=ORIENTED_EDGE('',*,*,#1566,.T.);
#1167=ORIENTED_EDGE('',*,*,#1518,.F.);
#1168=ORIENTED_EDGE('',*,*,#1566,.F.);
#1169=ORIENTED_EDGE('',*,*,#1567,.T.);
#1170=ORIENTED_EDGE('',*,*,#1472,.T.);
#1171=ORIENTED_EDGE('',*,*,#1423,.F.);
#1172=ORIENTED_EDGE('',*,*,#1567,.F.);
#1173=ORIENTED_EDGE('',*,*,#1565,.F.);
#1174=ORIENTED_EDGE('',*,*,#1563,.F.);
#1175=ORIENTED_EDGE('',*,*,#1473,.F.);
#1176=ORIENTED_EDGE('',*,*,#1568,.F.);
#1177=ORIENTED_EDGE('',*,*,#1569,.F.);
#1178=ORIENTED_EDGE('',*,*,#1570,.F.);
#1179=ORIENTED_EDGE('',*,*,#1470,.F.);
#1180=ORIENTED_EDGE('',*,*,#1491,.F.);
#1181=ORIENTED_EDGE('',*,*,#1571,.F.);
#1182=ORIENTED_EDGE('',*,*,#1568,.T.);
#1183=ORIENTED_EDGE('',*,*,#1469,.T.);
#1184=ORIENTED_EDGE('',*,*,#1459,.F.);
#1185=ORIENTED_EDGE('',*,*,#1520,.F.);
#1186=ORIENTED_EDGE('',*,*,#1572,.F.);
#1187=ORIENTED_EDGE('',*,*,#1569,.T.);
#1188=ORIENTED_EDGE('',*,*,#1571,.T.);
#1189=ORIENTED_EDGE('',*,*,#1471,.F.);
#1190=ORIENTED_EDGE('',*,*,#1570,.T.);
#1191=ORIENTED_EDGE('',*,*,#1572,.T.);
#1192=ORIENTED_EDGE('',*,*,#1519,.F.);
#1193=ORIENTED_EDGE('',*,*,#1421,.F.);
#1194=ORIENTED_EDGE('',*,*,#1573,.F.);
#1195=ORIENTED_EDGE('',*,*,#1573,.T.);
#1196=ORIENTED_EDGE('',*,*,#1574,.F.);
#1197=ORIENTED_EDGE('',*,*,#1575,.F.);
#1198=ORIENTED_EDGE('',*,*,#1574,.T.);
#1199=ORIENTED_EDGE('',*,*,#1576,.F.);
#1200=ORIENTED_EDGE('',*,*,#1575,.T.);
#1201=ORIENTED_EDGE('',*,*,#1577,.F.);
#1202=ORIENTED_EDGE('',*,*,#1576,.T.);
#1203=ORIENTED_EDGE('',*,*,#1577,.T.);
#1204=ORIENTED_EDGE('',*,*,#1578,.F.);
#1205=ORIENTED_EDGE('',*,*,#1578,.T.);
#1206=ORIENTED_EDGE('',*,*,#1579,.F.);
#1207=ORIENTED_EDGE('',*,*,#1580,.F.);
#1208=ORIENTED_EDGE('',*,*,#1581,.F.);
#1209=ORIENTED_EDGE('',*,*,#1582,.F.);
#1210=ORIENTED_EDGE('',*,*,#1583,.T.);
#1211=ORIENTED_EDGE('',*,*,#1584,.T.);
#1212=ORIENTED_EDGE('',*,*,#1579,.T.);
#1213=ORIENTED_EDGE('',*,*,#1585,.F.);
#1214=ORIENTED_EDGE('',*,*,#1584,.F.);
#1215=ORIENTED_EDGE('',*,*,#1586,.T.);
#1216=ORIENTED_EDGE('',*,*,#1587,.T.);
#1217=ORIENTED_EDGE('',*,*,#1580,.T.);
#1218=ORIENTED_EDGE('',*,*,#1588,.T.);
#1219=ORIENTED_EDGE('',*,*,#1589,.T.);
#1220=ORIENTED_EDGE('',*,*,#1581,.T.);
#1221=ORIENTED_EDGE('',*,*,#1587,.F.);
#1222=ORIENTED_EDGE('',*,*,#1590,.T.);
#1223=ORIENTED_EDGE('',*,*,#1585,.T.);
#1224=ORIENTED_EDGE('',*,*,#1582,.T.);
#1225=ORIENTED_EDGE('',*,*,#1589,.F.);
#1226=ORIENTED_EDGE('',*,*,#1591,.T.);
#1227=ORIENTED_EDGE('',*,*,#1591,.F.);
#1228=ORIENTED_EDGE('',*,*,#1592,.T.);
#1229=ORIENTED_EDGE('',*,*,#1592,.F.);
#1230=ORIENTED_EDGE('',*,*,#1593,.T.);
#1231=ORIENTED_EDGE('',*,*,#1586,.F.);
#1232=ORIENTED_EDGE('',*,*,#1583,.F.);
#1233=ORIENTED_EDGE('',*,*,#1590,.F.);
#1234=ORIENTED_EDGE('',*,*,#1588,.F.);
#1235=ORIENTED_EDGE('',*,*,#1593,.F.);
#1236=EDGE_CURVE('',#1594,#1595,#1847,.T.);
#1237=EDGE_CURVE('',#1594,#1596,#166,.T.);
#1238=EDGE_CURVE('',#1596,#1597,#121,.T.);
#1239=EDGE_CURVE('',#1597,#1598,#167,.T.);
#1240=EDGE_CURVE('',#1598,#1599,#168,.T.);
#1241=EDGE_CURVE('',#1599,#1600,#169,.T.);
#1242=EDGE_CURVE('',#1600,#1595,#170,.T.);
#1243=EDGE_CURVE('',#1601,#1602,#171,.T.);
#1244=EDGE_CURVE('',#1601,#1603,#1848,.T.);
#1245=EDGE_CURVE('',#1604,#1603,#172,.T.);
#1246=EDGE_CURVE('',#1605,#1604,#173,.T.);
#1247=EDGE_CURVE('',#1606,#1605,#174,.T.);
#1248=EDGE_CURVE('',#1607,#1606,#175,.T.);
#1249=EDGE_CURVE('',#1602,#1607,#122,.T.);
#1250=EDGE_CURVE('',#1606,#1598,#1849,.F.);
#1251=EDGE_CURVE('',#1599,#1605,#176,.T.);
#1252=EDGE_CURVE('',#1608,#1609,#123,.T.);
#1253=EDGE_CURVE('',#1609,#1610,#177,.T.);
#1254=EDGE_CURVE('',#1595,#1610,#1850,.T.);
#1255=EDGE_CURVE('',#1595,#1611,#178,.T.);
#1256=EDGE_CURVE('',#1611,#1612,#179,.T.);
#1257=EDGE_CURVE('',#1612,#1613,#180,.T.);
#1258=EDGE_CURVE('',#1613,#1608,#181,.F.);
#1259=EDGE_CURVE('',#1614,#1615,#182,.T.);
#1260=EDGE_CURVE('',#1616,#1614,#124,.T.);
#1261=EDGE_CURVE('',#1617,#1616,#183,.F.);
#1262=EDGE_CURVE('',#1618,#1617,#184,.T.);
#1263=EDGE_CURVE('',#1619,#1618,#185,.T.);
#1264=EDGE_CURVE('',#1603,#1619,#186,.T.);
#1265=EDGE_CURVE('',#1603,#1615,#1851,.T.);
#1266=EDGE_CURVE('',#1620,#1621,#125,.T.);
#1267=EDGE_CURVE('',#1621,#1620,#1852,.T.);
#1268=EDGE_CURVE('',#1622,#1622,#1853,.T.);
#1269=EDGE_CURVE('',#1623,#1623,#1854,.T.);
#1270=EDGE_CURVE('',#1621,#1620,#126,.T.);
#1271=EDGE_CURVE('',#1624,#1625,#127,.T.);
#1272=EDGE_CURVE('',#1625,#1626,#1855,.T.);
#1273=EDGE_CURVE('',#1626,#1627,#128,.T.);
#1274=EDGE_CURVE('',#1627,#1624,#1856,.T.);
#1275=EDGE_CURVE('',#1625,#1626,#187,.F.);
#1276=EDGE_CURVE('',#1627,#1624,#188,.T.);
#1277=EDGE_CURVE('',#1628,#1629,#129,.T.);
#1278=EDGE_CURVE('',#1629,#1628,#1857,.T.);
#1279=EDGE_CURVE('',#1630,#1630,#1858,.T.);
#1280=EDGE_CURVE('',#1631,#1631,#1859,.T.);
#1281=EDGE_CURVE('',#1629,#1628,#130,.T.);
#1282=EDGE_CURVE('',#1632,#1632,#1860,.T.);
#1283=EDGE_CURVE('',#1633,#1634,#1861,.T.);
#1284=EDGE_CURVE('',#1633,#1635,#131,.T.);
#1285=EDGE_CURVE('',#1635,#1634,#132,.T.);
#1286=EDGE_CURVE('',#1636,#1637,#133,.T.);
#1287=EDGE_CURVE('',#1637,#1615,#189,.T.);
#1288=EDGE_CURVE('',#1601,#1638,#190,.F.);
#1289=EDGE_CURVE('',#1638,#1633,#134,.T.);
#1290=EDGE_CURVE('',#1634,#1636,#135,.T.);
#1291=EDGE_CURVE('',#1610,#1639,#191,.T.);
#1292=EDGE_CURVE('',#1639,#1640,#136,.T.);
#1293=EDGE_CURVE('',#1640,#1641,#137,.T.);
#1294=EDGE_CURVE('',#1642,#1641,#1862,.T.);
#1295=EDGE_CURVE('',#1642,#1643,#138,.T.);
#1296=EDGE_CURVE('',#1643,#1594,#192,.F.);
#1297=EDGE_CURVE('',#1644,#1642,#139,.T.);
#1298=EDGE_CURVE('',#1641,#1644,#140,.T.);
#1299=EDGE_CURVE('',#1645,#1645,#1863,.T.);
#1300=EDGE_CURVE('',#1600,#1604,#193,.T.);
#1301=EDGE_CURVE('',#1646,#1646,#1864,.F.);
#1302=EDGE_CURVE('',#1611,#1619,#194,.T.);
#1303=EDGE_CURVE('',#1612,#1618,#195,.T.);
#1304=EDGE_CURVE('',#1613,#1617,#1865,.F.);
#1305=EDGE_CURVE('',#1647,#1647,#141,.T.);
#1306=EDGE_CURVE('',#1648,#1648,#1866,.T.);
#1307=EDGE_CURVE('',#1649,#1649,#1867,.T.);
#1308=EDGE_CURVE('',#1650,#1650,#1868,.F.);
#1309=EDGE_CURVE('',#1651,#1651,#1869,.T.);
#1310=EDGE_CURVE('',#1652,#1652,#1870,.F.);
#1311=EDGE_CURVE('',#1653,#1653,#1871,.T.);
#1312=EDGE_CURVE('',#1654,#1654,#1872,.T.);
#1313=EDGE_CURVE('',#1655,#1655,#1873,.T.);
#1314=EDGE_CURVE('',#1656,#1656,#1874,.T.);
#1315=EDGE_CURVE('',#1657,#1657,#1875,.T.);
#1316=EDGE_CURVE('',#1658,#1658,#1876,.T.);
#1317=EDGE_CURVE('',#1659,#1659,#1877,.T.);
#1318=EDGE_CURVE('',#1660,#1660,#1878,.T.);
#1319=EDGE_CURVE('',#1661,#1661,#1879,.T.);
#1320=EDGE_CURVE('',#1662,#1662,#1880,.T.);
#1321=EDGE_CURVE('',#1663,#1663,#1881,.T.);
#1322=EDGE_CURVE('',#1664,#1664,#1882,.T.);
#1323=EDGE_CURVE('',#1665,#1665,#1883,.T.);
#1324=EDGE_CURVE('',#1666,#1666,#1884,.T.);
#1325=EDGE_CURVE('',#1597,#1644,#1885,.T.);
#1326=EDGE_CURVE('',#1640,#1608,#1886,.T.);
#1327=EDGE_CURVE('',#1616,#1636,#1887,.T.);
#1328=EDGE_CURVE('',#1635,#1607,#1888,.T.);
#1329=EDGE_CURVE('',#1639,#1609,#1889,.T.);
#1330=EDGE_CURVE('',#1596,#1643,#1890,.T.);
#1331=EDGE_CURVE('',#1614,#1637,#1891,.T.);
#1332=EDGE_CURVE('',#1638,#1602,#1892,.T.);
#1333=EDGE_CURVE('',#1667,#1667,#1893,.T.);
#1334=EDGE_CURVE('',#1668,#1668,#1894,.T.);
#1335=EDGE_CURVE('',#1669,#1669,#1895,.T.);
#1336=EDGE_CURVE('',#1670,#1670,#1896,.T.);
#1337=EDGE_CURVE('',#1671,#1671,#1897,.T.);
#1338=EDGE_CURVE('',#1672,#1672,#1898,.T.);
#1339=EDGE_CURVE('',#1673,#1674,#196,.T.);
#1340=EDGE_CURVE('',#1673,#1675,#197,.T.);
#1341=EDGE_CURVE('',#1675,#1676,#198,.T.);
#1342=EDGE_CURVE('',#1674,#1676,#199,.T.);
#1343=EDGE_CURVE('',#1677,#1678,#1899,.T.);
#1344=EDGE_CURVE('',#1678,#1679,#200,.T.);
#1345=EDGE_CURVE('',#1679,#1680,#1900,.T.);
#1346=EDGE_CURVE('',#1680,#1677,#201,.T.);
#1347=EDGE_CURVE('',#1681,#1682,#1901,.T.);
#1348=EDGE_CURVE('',#1682,#1683,#202,.T.);
#1349=EDGE_CURVE('',#1683,#1684,#1902,.T.);
#1350=EDGE_CURVE('',#1684,#1681,#203,.T.);
#1351=EDGE_CURVE('',#1685,#1686,#204,.T.);
#1352=EDGE_CURVE('',#1687,#1686,#205,.T.);
#1353=EDGE_CURVE('',#1688,#1687,#206,.T.);
#1354=EDGE_CURVE('',#1688,#1673,#207,.T.);
#1355=EDGE_CURVE('',#1674,#1685,#208,.T.);
#1356=EDGE_CURVE('',#1686,#1689,#1903,.T.);
#1357=EDGE_CURVE('',#1689,#1690,#19,.T.);
#1358=EDGE_CURVE('',#1691,#1690,#209,.T.);
#1359=EDGE_CURVE('',#1691,#1692,#20,.T.);
#1360=EDGE_CURVE('',#1687,#1692,#1904,.T.);
#1361=EDGE_CURVE('',#1693,#1693,#1905,.T.);
#1362=EDGE_CURVE('',#1690,#1694,#210,.T.);
#1363=EDGE_CURVE('',#1694,#1695,#1906,.F.);
#1364=EDGE_CURVE('',#1695,#1696,#211,.T.);
#1365=EDGE_CURVE('',#1697,#1696,#212,.T.);
#1366=EDGE_CURVE('',#1697,#1698,#213,.T.);
#1367=EDGE_CURVE('',#1698,#1699,#1907,.F.);
#1368=EDGE_CURVE('',#1699,#1691,#214,.T.);
#1369=EDGE_CURVE('',#1696,#1700,#215,.T.);
#1370=EDGE_CURVE('',#1701,#1700,#216,.T.);
#1371=EDGE_CURVE('',#1701,#1697,#217,.T.);
#1372=EDGE_CURVE('',#1700,#1702,#218,.T.);
#1373=EDGE_CURVE('',#1703,#1702,#219,.T.);
#1374=EDGE_CURVE('',#1703,#1701,#220,.T.);
#1375=EDGE_CURVE('',#1702,#1704,#221,.T.);
#1376=EDGE_CURVE('',#1705,#1704,#222,.T.);
#1377=EDGE_CURVE('',#1705,#1703,#223,.T.);
#1378=EDGE_CURVE('',#1704,#1706,#1908,.T.);
#1379=EDGE_CURVE('',#1707,#1706,#224,.T.);
#1380=EDGE_CURVE('',#1707,#1705,#1909,.T.);
#1381=EDGE_CURVE('',#1708,#1708,#1910,.T.);
#1382=EDGE_CURVE('',#1709,#1710,#1911,.F.);
#1383=EDGE_CURVE('',#1710,#1711,#225,.T.);
#1384=EDGE_CURVE('',#1712,#1711,#226,.T.);
#1385=EDGE_CURVE('',#1712,#1713,#227,.T.);
#1386=EDGE_CURVE('',#1713,#1714,#1912,.F.);
#1387=EDGE_CURVE('',#1714,#1707,#228,.T.);
#1388=EDGE_CURVE('',#1706,#1709,#229,.T.);
#1389=EDGE_CURVE('',#1715,#1711,#21,.T.);
#1390=EDGE_CURVE('',#1716,#1715,#230,.T.);
#1391=EDGE_CURVE('',#1712,#1716,#22,.T.);
#1392=EDGE_CURVE('',#1717,#1718,#1913,.T.);
#1393=EDGE_CURVE('',#1718,#1719,#231,.T.);
#1394=EDGE_CURVE('',#1719,#1720,#1914,.T.);
#1395=EDGE_CURVE('',#1720,#1717,#232,.T.);
#1396=EDGE_CURVE('',#1721,#1722,#1915,.T.);
#1397=EDGE_CURVE('',#1722,#1723,#233,.T.);
#1398=EDGE_CURVE('',#1723,#1724,#1916,.T.);
#1399=EDGE_CURVE('',#1724,#1721,#234,.T.);
#1400=EDGE_CURVE('',#1675,#1725,#235,.T.);
#1401=EDGE_CURVE('',#1716,#1725,#236,.T.);
#1402=EDGE_CURVE('',#1715,#1726,#237,.T.);
#1403=EDGE_CURVE('',#1726,#1676,#238,.T.);
#1404=EDGE_CURVE('',#1716,#1692,#239,.T.);
#1405=EDGE_CURVE('',#1688,#1725,#240,.T.);
#1406=EDGE_CURVE('',#1685,#1726,#241,.T.);
#1407=EDGE_CURVE('',#1715,#1689,#242,.T.);
#1408=EDGE_CURVE('',#1683,#1722,#243,.T.);
#1409=EDGE_CURVE('',#1682,#1723,#244,.T.);
#1410=EDGE_CURVE('',#1684,#1721,#245,.T.);
#1411=EDGE_CURVE('',#1681,#1724,#246,.T.);
#1412=EDGE_CURVE('',#1679,#1718,#247,.T.);
#1413=EDGE_CURVE('',#1678,#1719,#248,.T.);
#1414=EDGE_CURVE('',#1680,#1717,#249,.T.);
#1415=EDGE_CURVE('',#1677,#1720,#250,.T.);
#1416=EDGE_CURVE('',#1709,#1695,#251,.T.);
#1417=EDGE_CURVE('',#1710,#1694,#252,.T.);
#1418=EDGE_CURVE('',#1714,#1698,#253,.T.);
#1419=EDGE_CURVE('',#1713,#1699,#254,.T.);
#1420=EDGE_CURVE('',#1727,#1728,#1917,.T.);
#1421=EDGE_CURVE('',#1728,#1729,#142,.T.);
#1422=EDGE_CURVE('',#1730,#1729,#1918,.T.);
#1423=EDGE_CURVE('',#1730,#1727,#143,.T.);
#1424=EDGE_CURVE('',#1731,#1732,#1919,.T.);
#1425=EDGE_CURVE('',#1732,#1733,#144,.T.);
#1426=EDGE_CURVE('',#1734,#1733,#1920,.T.);
#1427=EDGE_CURVE('',#1734,#1731,#145,.T.);
#1428=EDGE_CURVE('',#1735,#1736,#1921,.T.);
#1429=EDGE_CURVE('',#1736,#1737,#146,.T.);
#1430=EDGE_CURVE('',#1738,#1737,#1922,.T.);
#1431=EDGE_CURVE('',#1738,#1735,#147,.T.);
#1432=EDGE_CURVE('',#1739,#1740,#1923,.T.);
#1433=EDGE_CURVE('',#1740,#1741,#148,.T.);
#1434=EDGE_CURVE('',#1742,#1741,#1924,.T.);
#1435=EDGE_CURVE('',#1742,#1739,#149,.T.);
#1436=EDGE_CURVE('',#1743,#1744,#1925,.T.);
#1437=EDGE_CURVE('',#1744,#1745,#150,.T.);
#1438=EDGE_CURVE('',#1746,#1745,#1926,.T.);
#1439=EDGE_CURVE('',#1746,#1743,#151,.T.);
#1440=EDGE_CURVE('',#1747,#1748,#1927,.T.);
#1441=EDGE_CURVE('',#1748,#1749,#152,.T.);
#1442=EDGE_CURVE('',#1750,#1749,#1928,.T.);
#1443=EDGE_CURVE('',#1750,#1747,#153,.T.);
#1444=EDGE_CURVE('',#1751,#1752,#1929,.T.);
#1445=EDGE_CURVE('',#1752,#1753,#154,.T.);
#1446=EDGE_CURVE('',#1754,#1753,#1930,.T.);
#1447=EDGE_CURVE('',#1754,#1751,#155,.T.);
#1448=EDGE_CURVE('',#1755,#1756,#1931,.T.);
#1449=EDGE_CURVE('',#1756,#1757,#156,.T.);
#1450=EDGE_CURVE('',#1758,#1757,#1932,.T.);
#1451=EDGE_CURVE('',#1758,#1755,#157,.T.);
#1452=EDGE_CURVE('',#1759,#1760,#1933,.T.);
#1453=EDGE_CURVE('',#1760,#1761,#158,.T.);
#1454=EDGE_CURVE('',#1762,#1761,#1934,.T.);
#1455=EDGE_CURVE('',#1762,#1759,#159,.T.);
#1456=EDGE_CURVE('',#1763,#1764,#1935,.T.);
#1457=EDGE_CURVE('',#1764,#1765,#160,.T.);
#1458=EDGE_CURVE('',#1766,#1765,#1936,.T.);
#1459=EDGE_CURVE('',#1766,#1763,#161,.T.);
#1460=EDGE_CURVE('',#1767,#1767,#1937,.T.);
#1461=EDGE_CURVE('',#1768,#1769,#1938,.F.);
#1462=EDGE_CURVE('',#1769,#1756,#255,.T.);
#1463=EDGE_CURVE('',#1770,#1755,#256,.T.);
#1464=EDGE_CURVE('',#1770,#1771,#1939,.F.);
#1465=EDGE_CURVE('',#1771,#1760,#257,.T.);
#1466=EDGE_CURVE('',#1772,#1759,#258,.T.);
#1467=EDGE_CURVE('',#1772,#1773,#1940,.F.);
#1468=EDGE_CURVE('',#1773,#1764,#259,.T.);
#1469=EDGE_CURVE('',#1774,#1763,#260,.T.);
#1470=EDGE_CURVE('',#1774,#1775,#1941,.F.);
#1471=EDGE_CURVE('',#1775,#1728,#261,.T.);
#1472=EDGE_CURVE('',#1776,#1727,#262,.T.);
#1473=EDGE_CURVE('',#1776,#1777,#1942,.F.);
#1474=EDGE_CURVE('',#1777,#1732,#263,.T.);
#1475=EDGE_CURVE('',#1778,#1731,#264,.T.);
#1476=EDGE_CURVE('',#1778,#1779,#1943,.F.);
#1477=EDGE_CURVE('',#1779,#1736,#265,.T.);
#1478=EDGE_CURVE('',#1780,#1735,#266,.T.);
#1479=EDGE_CURVE('',#1780,#1781,#1944,.F.);
#1480=EDGE_CURVE('',#1781,#1740,#267,.T.);
#1481=EDGE_CURVE('',#1782,#1739,#268,.T.);
#1482=EDGE_CURVE('',#1782,#1783,#1945,.F.);
#1483=EDGE_CURVE('',#1783,#1744,#269,.T.);
#1484=EDGE_CURVE('',#1784,#1743,#270,.T.);
#1485=EDGE_CURVE('',#1784,#1785,#1946,.F.);
#1486=EDGE_CURVE('',#1785,#1748,#271,.T.);
#1487=EDGE_CURVE('',#1786,#1747,#272,.T.);
#1488=EDGE_CURVE('',#1786,#1787,#1947,.F.);
#1489=EDGE_CURVE('',#1787,#1752,#273,.T.);
#1490=EDGE_CURVE('',#1768,#1751,#274,.T.);
#1491=EDGE_CURVE('',#1788,#1766,#275,.T.);
#1492=EDGE_CURVE('',#1765,#1789,#276,.T.);
#1493=EDGE_CURVE('',#1789,#1790,#1948,.T.);
#1494=EDGE_CURVE('',#1790,#1762,#277,.T.);
#1495=EDGE_CURVE('',#1761,#1791,#278,.T.);
#1496=EDGE_CURVE('',#1791,#1792,#1949,.T.);
#1497=EDGE_CURVE('',#1792,#1758,#279,.T.);
#1498=EDGE_CURVE('',#1757,#1793,#280,.T.);
#1499=EDGE_CURVE('',#1793,#1794,#1950,.T.);
#1500=EDGE_CURVE('',#1794,#1754,#281,.T.);
#1501=EDGE_CURVE('',#1753,#1795,#282,.T.);
#1502=EDGE_CURVE('',#1795,#1796,#1951,.T.);
#1503=EDGE_CURVE('',#1796,#1750,#283,.T.);
#1504=EDGE_CURVE('',#1749,#1797,#284,.T.);
#1505=EDGE_CURVE('',#1797,#1798,#1952,.T.);
#1506=EDGE_CURVE('',#1798,#1746,#285,.T.);
#1507=EDGE_CURVE('',#1745,#1799,#286,.T.);
#1508=EDGE_CURVE('',#1799,#1800,#1953,.T.);
#1509=EDGE_CURVE('',#1800,#1742,#287,.T.);
#1510=EDGE_CURVE('',#1741,#1801,#288,.T.);
#1511=EDGE_CURVE('',#1801,#1802,#1954,.T.);
#1512=EDGE_CURVE('',#1802,#1738,#289,.T.);
#1513=EDGE_CURVE('',#1737,#1803,#290,.T.);
#1514=EDGE_CURVE('',#1803,#1804,#1955,.T.);
#1515=EDGE_CURVE('',#1804,#1734,#291,.T.);
#1516=EDGE_CURVE('',#1733,#1805,#292,.T.);
#1517=EDGE_CURVE('',#1805,#1806,#1956,.T.);
#1518=EDGE_CURVE('',#1806,#1730,#293,.T.);
#1519=EDGE_CURVE('',#1729,#1807,#294,.T.);
#1520=EDGE_CURVE('',#1807,#1788,#1957,.T.);
#1521=EDGE_CURVE('',#1808,#1808,#1958,.T.);
#1522=EDGE_CURVE('',#1809,#1809,#1959,.T.);
#1523=EDGE_CURVE('',#1773,#1810,#295,.T.);
#1524=EDGE_CURVE('',#1810,#1789,#296,.T.);
#1525=EDGE_CURVE('',#1810,#1811,#1960,.T.);
#1526=EDGE_CURVE('',#1811,#1790,#297,.T.);
#1527=EDGE_CURVE('',#1811,#1772,#298,.T.);
#1528=EDGE_CURVE('',#1771,#1812,#299,.T.);
#1529=EDGE_CURVE('',#1812,#1791,#300,.T.);
#1530=EDGE_CURVE('',#1812,#1813,#1961,.T.);
#1531=EDGE_CURVE('',#1813,#1792,#301,.T.);
#1532=EDGE_CURVE('',#1813,#1770,#302,.T.);
#1533=EDGE_CURVE('',#1769,#1814,#303,.T.);
#1534=EDGE_CURVE('',#1814,#1793,#304,.T.);
#1535=EDGE_CURVE('',#1814,#1815,#1962,.T.);
#1536=EDGE_CURVE('',#1815,#1794,#305,.T.);
#1537=EDGE_CURVE('',#1815,#1768,#306,.T.);
#1538=EDGE_CURVE('',#1787,#1816,#307,.T.);
#1539=EDGE_CURVE('',#1816,#1795,#308,.T.);
#1540=EDGE_CURVE('',#1816,#1817,#1963,.T.);
#1541=EDGE_CURVE('',#1817,#1796,#309,.T.);
#1542=EDGE_CURVE('',#1817,#1786,#310,.T.);
#1543=EDGE_CURVE('',#1785,#1818,#311,.T.);
#1544=EDGE_CURVE('',#1818,#1797,#312,.T.);
#1545=EDGE_CURVE('',#1818,#1819,#1964,.T.);
#1546=EDGE_CURVE('',#1819,#1798,#313,.T.);
#1547=EDGE_CURVE('',#1819,#1784,#314,.T.);
#1548=EDGE_CURVE('',#1783,#1820,#315,.T.);
#1549=EDGE_CURVE('',#1820,#1799,#316,.T.);
#1550=EDGE_CURVE('',#1820,#1821,#1965,.T.);
#1551=EDGE_CURVE('',#1821,#1800,#317,.T.);
#1552=EDGE_CURVE('',#1821,#1782,#318,.T.);
#1553=EDGE_CURVE('',#1781,#1822,#319,.T.);
#1554=EDGE_CURVE('',#1822,#1801,#320,.T.);
#1555=EDGE_CURVE('',#1822,#1823,#1966,.T.);
#1556=EDGE_CURVE('',#1823,#1802,#321,.T.);
#1557=EDGE_CURVE('',#1823,#1780,#322,.T.);
#1558=EDGE_CURVE('',#1779,#1824,#323,.T.);
#1559=EDGE_CURVE('',#1824,#1803,#324,.T.);
#1560=EDGE_CURVE('',#1824,#1825,#1967,.T.);
#1561=EDGE_CURVE('',#1825,#1804,#325,.T.);
#1562=EDGE_CURVE('',#1825,#1778,#326,.T.);
#1563=EDGE_CURVE('',#1777,#1826,#327,.T.);
#1564=EDGE_CURVE('',#1826,#1805,#328,.T.);
#1565=EDGE_CURVE('',#1826,#1827,#1968,.T.);
#1566=EDGE_CURVE('',#1827,#1806,#329,.T.);
#1567=EDGE_CURVE('',#1827,#1776,#330,.T.);
#1568=EDGE_CURVE('',#1828,#1774,#331,.T.);
#1569=EDGE_CURVE('',#1829,#1828,#1969,.T.);
#1570=EDGE_CURVE('',#1775,#1829,#332,.T.);
#1571=EDGE_CURVE('',#1828,#1788,#333,.T.);
#1572=EDGE_CURVE('',#1829,#1807,#334,.T.);
#1573=EDGE_CURVE('',#1830,#1830,#1970,.T.);
#1574=EDGE_CURVE('',#1831,#1831,#1971,.T.);
#1575=EDGE_CURVE('',#1832,#1832,#1972,.T.);
#1576=EDGE_CURVE('',#1833,#1833,#1973,.T.);
#1577=EDGE_CURVE('',#1834,#1834,#1974,.T.);
#1578=EDGE_CURVE('',#1835,#1835,#1975,.T.);
#1579=EDGE_CURVE('',#1836,#1837,#335,.T.);
#1580=EDGE_CURVE('',#1838,#1836,#336,.T.);
#1581=EDGE_CURVE('',#1839,#1838,#337,.T.);
#1582=EDGE_CURVE('',#1837,#1839,#338,.T.);
#1583=EDGE_CURVE('',#1840,#1841,#162,.T.);
#1584=EDGE_CURVE('',#1841,#1836,#339,.T.);
#1585=EDGE_CURVE('',#1840,#1837,#340,.T.);
#1586=EDGE_CURVE('',#1841,#1842,#163,.T.);
#1587=EDGE_CURVE('',#1842,#1838,#341,.T.);
#1588=EDGE_CURVE('',#1842,#1843,#164,.T.);
#1589=EDGE_CURVE('',#1843,#1839,#342,.T.);
#1590=EDGE_CURVE('',#1843,#1840,#165,.T.);
#1591=EDGE_CURVE('',#1844,#1844,#1976,.T.);
#1592=EDGE_CURVE('',#1845,#1845,#1977,.T.);
#1593=EDGE_CURVE('',#1846,#1846,#1978,.T.);
#1594=VERTEX_POINT('',#4323);
#1595=VERTEX_POINT('',#4324);
#1596=VERTEX_POINT('',#4326);
#1597=VERTEX_POINT('',#4331);
#1598=VERTEX_POINT('',#4333);
#1599=VERTEX_POINT('',#4335);
#1600=VERTEX_POINT('',#4337);
#1601=VERTEX_POINT('',#4341);
#1602=VERTEX_POINT('',#4342);
#1603=VERTEX_POINT('',#4344);
#1604=VERTEX_POINT('',#4346);
#1605=VERTEX_POINT('',#4348);
#1606=VERTEX_POINT('',#4350);
#1607=VERTEX_POINT('',#4352);
#1608=VERTEX_POINT('',#4365);
#1609=VERTEX_POINT('',#4366);
#1610=VERTEX_POINT('',#4368);
#1611=VERTEX_POINT('',#4371);
#1612=VERTEX_POINT('',#4373);
#1613=VERTEX_POINT('',#4375);
#1614=VERTEX_POINT('',#4379);
#1615=VERTEX_POINT('',#4380);
#1616=VERTEX_POINT('',#4385);
#1617=VERTEX_POINT('',#4387);
#1618=VERTEX_POINT('',#4389);
#1619=VERTEX_POINT('',#4391);
#1620=VERTEX_POINT('',#4399);
#1621=VERTEX_POINT('',#4400);
#1622=VERTEX_POINT('',#4403);
#1623=VERTEX_POINT('',#4406);
#1624=VERTEX_POINT('',#4419);
#1625=VERTEX_POINT('',#4420);
#1626=VERTEX_POINT('',#4422);
#1627=VERTEX_POINT('',#4430);
#1628=VERTEX_POINT('',#4441);
#1629=VERTEX_POINT('',#4442);
#1630=VERTEX_POINT('',#4445);
#1631=VERTEX_POINT('',#4448);
#1632=VERTEX_POINT('',#4455);
#1633=VERTEX_POINT('',#4457);
#1634=VERTEX_POINT('',#4458);
#1635=VERTEX_POINT('',#4463);
#1636=VERTEX_POINT('',#4473);
#1637=VERTEX_POINT('',#4474);
#1638=VERTEX_POINT('',#4477);
#1639=VERTEX_POINT('',#4488);
#1640=VERTEX_POINT('',#4493);
#1641=VERTEX_POINT('',#4499);
#1642=VERTEX_POINT('',#4501);
#1643=VERTEX_POINT('',#4506);
#1644=VERTEX_POINT('',#4513);
#1645=VERTEX_POINT('',#4520);
#1646=VERTEX_POINT('',#4525);
#1647=VERTEX_POINT('',#4551);
#1648=VERTEX_POINT('',#4555);
#1649=VERTEX_POINT('',#4557);
#1650=VERTEX_POINT('',#4560);
#1651=VERTEX_POINT('',#4565);
#1652=VERTEX_POINT('',#4567);
#1653=VERTEX_POINT('',#4570);
#1654=VERTEX_POINT('',#4575);
#1655=VERTEX_POINT('',#4578);
#1656=VERTEX_POINT('',#4581);
#1657=VERTEX_POINT('',#4584);
#1658=VERTEX_POINT('',#4587);
#1659=VERTEX_POINT('',#4590);
#1660=VERTEX_POINT('',#4593);
#1661=VERTEX_POINT('',#4596);
#1662=VERTEX_POINT('',#4599);
#1663=VERTEX_POINT('',#4602);
#1664=VERTEX_POINT('',#4605);
#1665=VERTEX_POINT('',#4608);
#1666=VERTEX_POINT('',#4611);
#1667=VERTEX_POINT('',#4634);
#1668=VERTEX_POINT('',#4637);
#1669=VERTEX_POINT('',#4640);
#1670=VERTEX_POINT('',#4643);
#1671=VERTEX_POINT('',#4646);
#1672=VERTEX_POINT('',#4649);
#1673=VERTEX_POINT('',#4654);
#1674=VERTEX_POINT('',#4655);
#1675=VERTEX_POINT('',#4657);
#1676=VERTEX_POINT('',#4659);
#1677=VERTEX_POINT('',#4663);
#1678=VERTEX_POINT('',#4664);
#1679=VERTEX_POINT('',#4666);
#1680=VERTEX_POINT('',#4668);
#1681=VERTEX_POINT('',#4671);
#1682=VERTEX_POINT('',#4672);
#1683=VERTEX_POINT('',#4674);
#1684=VERTEX_POINT('',#4676);
#1685=VERTEX_POINT('',#4679);
#1686=VERTEX_POINT('',#4680);
#1687=VERTEX_POINT('',#4682);
#1688=VERTEX_POINT('',#4684);
#1689=VERTEX_POINT('',#4689);
#1690=VERTEX_POINT('',#4691);
#1691=VERTEX_POINT('',#4693);
#1692=VERTEX_POINT('',#4695);
#1693=VERTEX_POINT('',#4699);
#1694=VERTEX_POINT('',#4701);
#1695=VERTEX_POINT('',#4703);
#1696=VERTEX_POINT('',#4705);
#1697=VERTEX_POINT('',#4707);
#1698=VERTEX_POINT('',#4709);
#1699=VERTEX_POINT('',#4711);
#1700=VERTEX_POINT('',#4715);
#1701=VERTEX_POINT('',#4717);
#1702=VERTEX_POINT('',#4721);
#1703=VERTEX_POINT('',#4723);
#1704=VERTEX_POINT('',#4727);
#1705=VERTEX_POINT('',#4729);
#1706=VERTEX_POINT('',#4733);
#1707=VERTEX_POINT('',#4735);
#1708=VERTEX_POINT('',#4739);
#1709=VERTEX_POINT('',#4741);
#1710=VERTEX_POINT('',#4742);
#1711=VERTEX_POINT('',#4744);
#1712=VERTEX_POINT('',#4746);
#1713=VERTEX_POINT('',#4748);
#1714=VERTEX_POINT('',#4750);
#1715=VERTEX_POINT('',#4755);
#1716=VERTEX_POINT('',#4757);
#1717=VERTEX_POINT('',#4761);
#1718=VERTEX_POINT('',#4762);
#1719=VERTEX_POINT('',#4764);
#1720=VERTEX_POINT('',#4766);
#1721=VERTEX_POINT('',#4769);
#1722=VERTEX_POINT('',#4770);
#1723=VERTEX_POINT('',#4772);
#1724=VERTEX_POINT('',#4774);
#1725=VERTEX_POINT('',#4777);
#1726=VERTEX_POINT('',#4780);
#1727=VERTEX_POINT('',#4820);
#1728=VERTEX_POINT('',#4821);
#1729=VERTEX_POINT('',#4826);
#1730=VERTEX_POINT('',#4828);
#1731=VERTEX_POINT('',#4835);
#1732=VERTEX_POINT('',#4836);
#1733=VERTEX_POINT('',#4841);
#1734=VERTEX_POINT('',#4843);
#1735=VERTEX_POINT('',#4850);
#1736=VERTEX_POINT('',#4851);
#1737=VERTEX_POINT('',#4856);
#1738=VERTEX_POINT('',#4858);
#1739=VERTEX_POINT('',#4865);
#1740=VERTEX_POINT('',#4866);
#1741=VERTEX_POINT('',#4871);
#1742=VERTEX_POINT('',#4873);
#1743=VERTEX_POINT('',#4880);
#1744=VERTEX_POINT('',#4881);
#1745=VERTEX_POINT('',#4886);
#1746=VERTEX_POINT('',#4888);
#1747=VERTEX_POINT('',#4895);
#1748=VERTEX_POINT('',#4896);
#1749=VERTEX_POINT('',#4901);
#1750=VERTEX_POINT('',#4903);
#1751=VERTEX_POINT('',#4910);
#1752=VERTEX_POINT('',#4911);
#1753=VERTEX_POINT('',#4916);
#1754=VERTEX_POINT('',#4918);
#1755=VERTEX_POINT('',#4925);
#1756=VERTEX_POINT('',#4926);
#1757=VERTEX_POINT('',#4931);
#1758=VERTEX_POINT('',#4933);
#1759=VERTEX_POINT('',#4940);
#1760=VERTEX_POINT('',#4941);
#1761=VERTEX_POINT('',#4946);
#1762=VERTEX_POINT('',#4948);
#1763=VERTEX_POINT('',#4955);
#1764=VERTEX_POINT('',#4956);
#1765=VERTEX_POINT('',#4961);
#1766=VERTEX_POINT('',#4963);
#1767=VERTEX_POINT('',#4970);
#1768=VERTEX_POINT('',#4972);
#1769=VERTEX_POINT('',#4973);
#1770=VERTEX_POINT('',#4976);
#1771=VERTEX_POINT('',#4978);
#1772=VERTEX_POINT('',#4981);
#1773=VERTEX_POINT('',#4983);
#1774=VERTEX_POINT('',#4986);
#1775=VERTEX_POINT('',#4988);
#1776=VERTEX_POINT('',#4991);
#1777=VERTEX_POINT('',#4993);
#1778=VERTEX_POINT('',#4996);
#1779=VERTEX_POINT('',#4998);
#1780=VERTEX_POINT('',#5001);
#1781=VERTEX_POINT('',#5003);
#1782=VERTEX_POINT('',#5006);
#1783=VERTEX_POINT('',#5008);
#1784=VERTEX_POINT('',#5011);
#1785=VERTEX_POINT('',#5013);
#1786=VERTEX_POINT('',#5016);
#1787=VERTEX_POINT('',#5018);
#1788=VERTEX_POINT('',#5023);
#1789=VERTEX_POINT('',#5025);
#1790=VERTEX_POINT('',#5027);
#1791=VERTEX_POINT('',#5030);
#1792=VERTEX_POINT('',#5032);
#1793=VERTEX_POINT('',#5035);
#1794=VERTEX_POINT('',#5037);
#1795=VERTEX_POINT('',#5040);
#1796=VERTEX_POINT('',#5042);
#1797=VERTEX_POINT('',#5045);
#1798=VERTEX_POINT('',#5047);
#1799=VERTEX_POINT('',#5050);
#1800=VERTEX_POINT('',#5052);
#1801=VERTEX_POINT('',#5055);
#1802=VERTEX_POINT('',#5057);
#1803=VERTEX_POINT('',#5060);
#1804=VERTEX_POINT('',#5062);
#1805=VERTEX_POINT('',#5065);
#1806=VERTEX_POINT('',#5067);
#1807=VERTEX_POINT('',#5070);
#1808=VERTEX_POINT('',#5073);
#1809=VERTEX_POINT('',#5076);
#1810=VERTEX_POINT('',#5080);
#1811=VERTEX_POINT('',#5084);
#1812=VERTEX_POINT('',#5091);
#1813=VERTEX_POINT('',#5095);
#1814=VERTEX_POINT('',#5102);
#1815=VERTEX_POINT('',#5106);
#1816=VERTEX_POINT('',#5113);
#1817=VERTEX_POINT('',#5117);
#1818=VERTEX_POINT('',#5124);
#1819=VERTEX_POINT('',#5128);
#1820=VERTEX_POINT('',#5135);
#1821=VERTEX_POINT('',#5139);
#1822=VERTEX_POINT('',#5146);
#1823=VERTEX_POINT('',#5150);
#1824=VERTEX_POINT('',#5157);
#1825=VERTEX_POINT('',#5161);
#1826=VERTEX_POINT('',#5168);
#1827=VERTEX_POINT('',#5172);
#1828=VERTEX_POINT('',#5179);
#1829=VERTEX_POINT('',#5181);
#1830=VERTEX_POINT('',#5191);
#1831=VERTEX_POINT('',#5194);
#1832=VERTEX_POINT('',#5197);
#1833=VERTEX_POINT('',#5200);
#1834=VERTEX_POINT('',#5203);
#1835=VERTEX_POINT('',#5206);
#1836=VERTEX_POINT('',#5209);
#1837=VERTEX_POINT('',#5210);
#1838=VERTEX_POINT('',#5212);
#1839=VERTEX_POINT('',#5214);
#1840=VERTEX_POINT('',#5224);
#1841=VERTEX_POINT('',#5225);
#1842=VERTEX_POINT('',#5236);
#1843=VERTEX_POINT('',#5246);
#1844=VERTEX_POINT('',#5258);
#1845=VERTEX_POINT('',#5261);
#1846=VERTEX_POINT('',#5264);
#1847=CIRCLE('',#3239,10.);
#1848=CIRCLE('',#3241,10.);
#1849=CIRCLE('',#3243,19.5);
#1850=CIRCLE('',#3245,10.);
#1851=CIRCLE('',#3247,10.);
#1852=CIRCLE('',#3249,7.5785);
#1853=CIRCLE('',#3250,7.5785);
#1854=CIRCLE('',#3252,5.7225);
#1855=CIRCLE('',#3254,5.7225);
#1856=CIRCLE('',#3255,5.7225);
#1857=CIRCLE('',#3259,7.5785);
#1858=CIRCLE('',#3260,5.72249999999999);
#1859=CIRCLE('',#3262,7.5785);
#1860=CIRCLE('',#3264,9.);
#1861=CIRCLE('',#3265,10.);
#1862=CIRCLE('',#3268,10.);
#1863=CIRCLE('',#3270,9.);
#1864=CIRCLE('',#3273,11.);
#1865=CIRCLE('',#3276,19.5);
#1866=CIRCLE('',#3280,4.283);
#1867=CIRCLE('',#3281,4.864);
#1868=CIRCLE('',#3283,4.283);
#1869=CIRCLE('',#3287,4.283);
#1870=CIRCLE('',#3288,4.283);
#1871=CIRCLE('',#3290,4.864);
#1872=CIRCLE('',#3294,11.25);
#1873=CIRCLE('',#3296,12.25);
#1874=CIRCLE('',#3298,12.25);
#1875=CIRCLE('',#3300,13.25);
#1876=CIRCLE('',#3302,13.7872134854387);
#1877=CIRCLE('',#3304,13.3);
#1878=CIRCLE('',#3306,11.5);
#1879=CIRCLE('',#3308,11.5);
#1880=CIRCLE('',#3310,14.25);
#1881=CIRCLE('',#3312,15.);
#1882=CIRCLE('',#3314,15.);
#1883=CIRCLE('',#3316,18.5);
#1884=CIRCLE('',#3318,19.5);
#1885=CIRCLE('',#3320,19.5);
#1886=CIRCLE('',#3321,19.5);
#1887=CIRCLE('',#3322,19.5);
#1888=CIRCLE('',#3323,19.5);
#1889=CIRCLE('',#3325,18.5);
#1890=CIRCLE('',#3328,18.5);
#1891=CIRCLE('',#3330,18.5);
#1892=CIRCLE('',#3332,18.5);
#1893=CIRCLE('',#3340,11.);
#1894=CIRCLE('',#3342,5.);
#1895=CIRCLE('',#3344,5.);
#1896=CIRCLE('',#3346,8.);
#1897=CIRCLE('',#3348,8.);
#1898=CIRCLE('',#3350,10.25);
#1899=CIRCLE('',#3355,3.20000000000001);
#1900=CIRCLE('',#3356,3.20000000000001);
#1901=CIRCLE('',#3357,3.2);
#1902=CIRCLE('',#3358,3.2);
#1903=CIRCLE('',#3360,3.);
#1904=CIRCLE('',#3363,3.);
#1905=CIRCLE('',#3365,16.);
#1906=CIRCLE('',#3366,18.);
#1907=CIRCLE('',#3367,18.);
#1908=CIRCLE('',#3372,2.);
#1909=CIRCLE('',#3373,2.);
#1910=CIRCLE('',#3375,16.);
#1911=CIRCLE('',#3376,18.);
#1912=CIRCLE('',#3377,18.);
#1913=CIRCLE('',#3382,3.20000000000001);
#1914=CIRCLE('',#3383,3.20000000000001);
#1915=CIRCLE('',#3384,3.2);
#1916=CIRCLE('',#3385,3.2);
#1917=CIRCLE('',#3407,19.);
#1918=CIRCLE('',#3408,17.85);
#1919=CIRCLE('',#3410,19.);
#1920=CIRCLE('',#3411,17.85);
#1921=CIRCLE('',#3413,19.);
#1922=CIRCLE('',#3414,17.85);
#1923=CIRCLE('',#3416,19.);
#1924=CIRCLE('',#3417,17.85);
#1925=CIRCLE('',#3419,19.);
#1926=CIRCLE('',#3420,17.85);
#1927=CIRCLE('',#3422,19.);
#1928=CIRCLE('',#3423,17.85);
#1929=CIRCLE('',#3425,19.);
#1930=CIRCLE('',#3426,17.85);
#1931=CIRCLE('',#3428,19.);
#1932=CIRCLE('',#3429,17.85);
#1933=CIRCLE('',#3431,19.);
#1934=CIRCLE('',#3432,17.85);
#1935=CIRCLE('',#3434,19.);
#1936=CIRCLE('',#3435,17.85);
#1937=CIRCLE('',#3437,19.);
#1938=CIRCLE('',#3438,19.);
#1939=CIRCLE('',#3439,19.);
#1940=CIRCLE('',#3440,19.);
#1941=CIRCLE('',#3441,19.);
#1942=CIRCLE('',#3442,19.);
#1943=CIRCLE('',#3443,19.);
#1944=CIRCLE('',#3444,19.);
#1945=CIRCLE('',#3445,19.);
#1946=CIRCLE('',#3446,19.);
#1947=CIRCLE('',#3447,19.);
#1948=CIRCLE('',#3449,17.5999999999997);
#1949=CIRCLE('',#3450,17.5999999999997);
#1950=CIRCLE('',#3451,17.6000000000001);
#1951=CIRCLE('',#3452,17.6000000000006);
#1952=CIRCLE('',#3453,17.5999999999997);
#1953=CIRCLE('',#3454,17.6000000000004);
#1954=CIRCLE('',#3455,17.6000000000003);
#1955=CIRCLE('',#3456,17.6000000000001);
#1956=CIRCLE('',#3457,17.6000000000001);
#1957=CIRCLE('',#3458,17.6000000000009);
#1958=CIRCLE('',#3459,14.188);
#1959=CIRCLE('',#3461,14.188);
#1960=CIRCLE('',#3465,17.5999999999997);
#1961=CIRCLE('',#3470,17.5999999999997);
#1962=CIRCLE('',#3475,17.6000000000001);
#1963=CIRCLE('',#3480,17.6000000000006);
#1964=CIRCLE('',#3485,17.5999999999997);
#1965=CIRCLE('',#3490,17.6000000000004);
#1966=CIRCLE('',#3495,17.6000000000003);
#1967=CIRCLE('',#3500,17.6000000000001);
#1968=CIRCLE('',#3505,17.6000000000001);
#1969=CIRCLE('',#3509,17.6000000000009);
#1970=CIRCLE('',#3515,19.);
#1971=CIRCLE('',#3517,21.);
#1972=CIRCLE('',#3519,21.);
#1973=CIRCLE('',#3521,20.);
#1974=CIRCLE('',#3523,20.);
#1975=CIRCLE('',#3525,18.);
#1976=CIRCLE('',#3532,4.28299999999994);
#1977=CIRCLE('',#3534,4.86399999999992);
#1978=CIRCLE('',#3536,4.86399999999998);
#1979=EDGE_LOOP('',(#520,#521,#522,#523,#524,#525,#526));
#1980=EDGE_LOOP('',(#527,#528,#529,#530,#531,#532,#533));
#1981=EDGE_LOOP('',(#534,#535,#536,#537));
#1982=EDGE_LOOP('',(#538,#539,#540,#541,#542,#543,#544));
#1983=EDGE_LOOP('',(#545,#546,#547,#548,#549,#550,#551));
#1984=EDGE_LOOP('',(#552,#553));
#1985=EDGE_LOOP('',(#554));
#1986=EDGE_LOOP('',(#555));
#1987=EDGE_LOOP('',(#556,#557));
#1988=EDGE_LOOP('',(#558,#559,#560,#561));
#1989=EDGE_LOOP('',(#562));
#1990=EDGE_LOOP('',(#563,#564));
#1991=EDGE_LOOP('',(#565,#566));
#1992=EDGE_LOOP('',(#567,#568));
#1993=EDGE_LOOP('',(#569));
#1994=EDGE_LOOP('',(#570));
#1995=EDGE_LOOP('',(#571,#572));
#1996=EDGE_LOOP('',(#573));
#1997=EDGE_LOOP('',(#574,#575,#576));
#1998=EDGE_LOOP('',(#577,#578,#579,#580,#581,#582,#583,#584));
#1999=EDGE_LOOP('',(#585,#586,#587,#588,#589,#590,#591,#592));
#2000=EDGE_LOOP('',(#593,#594,#595));
#2001=EDGE_LOOP('',(#596));
#2002=EDGE_LOOP('',(#597));
#2003=EDGE_LOOP('',(#598,#599,#600,#601));
#2004=EDGE_LOOP('',(#602));
#2005=EDGE_LOOP('',(#603,#604,#605,#606,#607,#608));
#2006=EDGE_LOOP('',(#609));
#2007=EDGE_LOOP('',(#610,#611,#612,#613));
#2008=EDGE_LOOP('',(#614,#615,#616,#617));
#2009=EDGE_LOOP('',(#618));
#2010=EDGE_LOOP('',(#619));
#2011=EDGE_LOOP('',(#620));
#2012=EDGE_LOOP('',(#621));
#2013=EDGE_LOOP('',(#622));
#2014=EDGE_LOOP('',(#623));
#2015=EDGE_LOOP('',(#624));
#2016=EDGE_LOOP('',(#625));
#2017=EDGE_LOOP('',(#626));
#2018=EDGE_LOOP('',(#627));
#2019=EDGE_LOOP('',(#628));
#2020=EDGE_LOOP('',(#629));
#2021=EDGE_LOOP('',(#630));
#2022=EDGE_LOOP('',(#631));
#2023=EDGE_LOOP('',(#632));
#2024=EDGE_LOOP('',(#633));
#2025=EDGE_LOOP('',(#634));
#2026=EDGE_LOOP('',(#635));
#2027=EDGE_LOOP('',(#636));
#2028=EDGE_LOOP('',(#637));
#2029=EDGE_LOOP('',(#638));
#2030=EDGE_LOOP('',(#639));
#2031=EDGE_LOOP('',(#640));
#2032=EDGE_LOOP('',(#641));
#2033=EDGE_LOOP('',(#642));
#2034=EDGE_LOOP('',(#643));
#2035=EDGE_LOOP('',(#644));
#2036=EDGE_LOOP('',(#645));
#2037=EDGE_LOOP('',(#646));
#2038=EDGE_LOOP('',(#647));
#2039=EDGE_LOOP('',(#648));
#2040=EDGE_LOOP('',(#649));
#2041=EDGE_LOOP('',(#650));
#2042=EDGE_LOOP('',(#651));
#2043=EDGE_LOOP('',(#652));
#2044=EDGE_LOOP('',(#653));
#2045=EDGE_LOOP('',(#654));
#2046=EDGE_LOOP('',(#655));
#2047=EDGE_LOOP('',(#656));
#2048=EDGE_LOOP('',(#657));
#2049=EDGE_LOOP('',(#658));
#2050=EDGE_LOOP('',(#659));
#2051=EDGE_LOOP('',(#660));
#2052=EDGE_LOOP('',(#661,#662,#663,#664,#665,#666,#667,#668,#669,#670,#671,
#672,#673,#674));
#2053=EDGE_LOOP('',(#675,#676,#677));
#2054=EDGE_LOOP('',(#678,#679,#680,#681));
#2055=EDGE_LOOP('',(#682,#683,#684,#685,#686));
#2056=EDGE_LOOP('',(#687,#688,#689,#690));
#2057=EDGE_LOOP('',(#691,#692,#693,#694,#695));
#2058=EDGE_LOOP('',(#696,#697,#698));
#2059=EDGE_LOOP('',(#699,#700,#701));
#2060=EDGE_LOOP('',(#702,#703,#704));
#2061=EDGE_LOOP('',(#705,#706));
#2062=EDGE_LOOP('',(#707,#708,#709,#710));
#2063=EDGE_LOOP('',(#711,#712));
#2064=EDGE_LOOP('',(#713));
#2065=EDGE_LOOP('',(#714));
#2066=EDGE_LOOP('',(#715));
#2067=EDGE_LOOP('',(#716));
#2068=EDGE_LOOP('',(#717));
#2069=EDGE_LOOP('',(#718));
#2070=EDGE_LOOP('',(#719));
#2071=EDGE_LOOP('',(#720));
#2072=EDGE_LOOP('',(#721));
#2073=EDGE_LOOP('',(#722));
#2074=EDGE_LOOP('',(#723));
#2075=EDGE_LOOP('',(#724));
#2076=EDGE_LOOP('',(#725));
#2077=EDGE_LOOP('',(#726,#727,#728,#729));
#2078=EDGE_LOOP('',(#730,#731,#732,#733));
#2079=EDGE_LOOP('',(#734,#735,#736,#737));
#2080=EDGE_LOOP('',(#738,#739,#740,#741,#742,#743));
#2081=EDGE_LOOP('',(#744,#745,#746,#747,#748,#749));
#2082=EDGE_LOOP('',(#750));
#2083=EDGE_LOOP('',(#751,#752,#753,#754,#755,#756,#757,#758));
#2084=EDGE_LOOP('',(#759,#760,#761,#762));
#2085=EDGE_LOOP('',(#763,#764,#765,#766));
#2086=EDGE_LOOP('',(#767,#768,#769,#770));
#2087=EDGE_LOOP('',(#771,#772,#773,#774));
#2088=EDGE_LOOP('',(#775));
#2089=EDGE_LOOP('',(#776,#777,#778,#779,#780,#781,#782,#783));
#2090=EDGE_LOOP('',(#784,#785,#786,#787));
#2091=EDGE_LOOP('',(#788,#789,#790,#791));
#2092=EDGE_LOOP('',(#792,#793,#794,#795));
#2093=EDGE_LOOP('',(#796,#797,#798,#799,#800,#801));
#2094=EDGE_LOOP('',(#802,#803,#804,#805,#806));
#2095=EDGE_LOOP('',(#807,#808,#809,#810,#811));
#2096=EDGE_LOOP('',(#812,#813,#814,#815));
#2097=EDGE_LOOP('',(#816,#817,#818,#819));
#2098=EDGE_LOOP('',(#820,#821,#822,#823));
#2099=EDGE_LOOP('',(#824,#825,#826,#827));
#2100=EDGE_LOOP('',(#828,#829,#830,#831));
#2101=EDGE_LOOP('',(#832,#833,#834,#835));
#2102=EDGE_LOOP('',(#836,#837,#838,#839));
#2103=EDGE_LOOP('',(#840,#841,#842,#843));
#2104=EDGE_LOOP('',(#844,#845,#846,#847));
#2105=EDGE_LOOP('',(#848,#849,#850,#851));
#2106=EDGE_LOOP('',(#852));
#2107=EDGE_LOOP('',(#853));
#2108=EDGE_LOOP('',(#854,#855,#856,#857,#858,#859,#860));
#2109=EDGE_LOOP('',(#861,#862,#863,#864,#865,#866));
#2110=EDGE_LOOP('',(#867,#868,#869,#870));
#2111=EDGE_LOOP('',(#871,#872,#873,#874,#875,#876,#877));
#2112=EDGE_LOOP('',(#878,#879,#880,#881));
#2113=EDGE_LOOP('',(#882,#883,#884,#885,#886,#887));
#2114=EDGE_LOOP('',(#888,#889,#890,#891));
#2115=EDGE_LOOP('',(#892,#893,#894,#895));
#2116=EDGE_LOOP('',(#896,#897,#898,#899));
#2117=EDGE_LOOP('',(#900,#901,#902,#903));
#2118=EDGE_LOOP('',(#904,#905,#906,#907));
#2119=EDGE_LOOP('',(#908,#909,#910,#911));
#2120=EDGE_LOOP('',(#912,#913,#914,#915));
#2121=EDGE_LOOP('',(#916,#917,#918,#919));
#2122=EDGE_LOOP('',(#920,#921,#922,#923));
#2123=EDGE_LOOP('',(#924,#925,#926,#927));
#2124=EDGE_LOOP('',(#928));
#2125=EDGE_LOOP('',(#929,#930,#931,#932,#933,#934,#935,#936,#937,#938,#939,
#940,#941,#942,#943,#944,#945,#946,#947,#948,#949,#950,#951,#952,#953,#954,
#955,#956,#957,#958,#959,#960,#961,#962,#963,#964,#965,#966,#967,#968));
#2126=EDGE_LOOP('',(#969,#970,#971,#972,#973,#974,#975,#976,#977,#978,#979,
#980,#981,#982,#983,#984,#985,#986,#987,#988,#989,#990,#991,#992,#993,#994,
#995,#996,#997,#998,#999,#1000,#1001,#1002,#1003,#1004,#1005,#1006,#1007,
#1008));
#2127=EDGE_LOOP('',(#1009));
#2128=EDGE_LOOP('',(#1010));
#2129=EDGE_LOOP('',(#1011));
#2130=EDGE_LOOP('',(#1012));
#2131=EDGE_LOOP('',(#1013));
#2132=EDGE_LOOP('',(#1014,#1015,#1016,#1017,#1018));
#2133=EDGE_LOOP('',(#1019,#1020,#1021,#1022));
#2134=EDGE_LOOP('',(#1023,#1024,#1025,#1026,#1027));
#2135=EDGE_LOOP('',(#1028,#1029,#1030,#1031));
#2136=EDGE_LOOP('',(#1032,#1033,#1034,#1035,#1036));
#2137=EDGE_LOOP('',(#1037,#1038,#1039,#1040));
#2138=EDGE_LOOP('',(#1041,#1042,#1043,#1044,#1045));
#2139=EDGE_LOOP('',(#1046,#1047,#1048,#1049));
#2140=EDGE_LOOP('',(#1050,#1051,#1052,#1053,#1054));
#2141=EDGE_LOOP('',(#1055,#1056,#1057,#1058));
#2142=EDGE_LOOP('',(#1059,#1060,#1061,#1062,#1063));
#2143=EDGE_LOOP('',(#1064,#1065,#1066,#1067));
#2144=EDGE_LOOP('',(#1068,#1069,#1070,#1071,#1072));
#2145=EDGE_LOOP('',(#1073,#1074,#1075,#1076));
#2146=EDGE_LOOP('',(#1077,#1078,#1079,#1080,#1081));
#2147=EDGE_LOOP('',(#1082,#1083,#1084,#1085));
#2148=EDGE_LOOP('',(#1086,#1087,#1088,#1089,#1090));
#2149=EDGE_LOOP('',(#1091,#1092,#1093,#1094));
#2150=EDGE_LOOP('',(#1095,#1096,#1097,#1098,#1099));
#2151=EDGE_LOOP('',(#1100,#1101,#1102,#1103));
#2152=EDGE_LOOP('',(#1104,#1105,#1106,#1107,#1108));
#2153=EDGE_LOOP('',(#1109,#1110,#1111,#1112));
#2154=EDGE_LOOP('',(#1113,#1114,#1115,#1116,#1117));
#2155=EDGE_LOOP('',(#1118,#1119,#1120,#1121));
#2156=EDGE_LOOP('',(#1122,#1123,#1124,#1125,#1126));
#2157=EDGE_LOOP('',(#1127,#1128,#1129,#1130));
#2158=EDGE_LOOP('',(#1131,#1132,#1133,#1134,#1135));
#2159=EDGE_LOOP('',(#1136,#1137,#1138,#1139));
#2160=EDGE_LOOP('',(#1140,#1141,#1142,#1143,#1144));
#2161=EDGE_LOOP('',(#1145,#1146,#1147,#1148));
#2162=EDGE_LOOP('',(#1149,#1150,#1151,#1152,#1153));
#2163=EDGE_LOOP('',(#1154,#1155,#1156,#1157));
#2164=EDGE_LOOP('',(#1158,#1159,#1160,#1161,#1162));
#2165=EDGE_LOOP('',(#1163,#1164,#1165,#1166));
#2166=EDGE_LOOP('',(#1167,#1168,#1169,#1170,#1171));
#2167=EDGE_LOOP('',(#1172,#1173,#1174,#1175));
#2168=EDGE_LOOP('',(#1176,#1177,#1178,#1179));
#2169=EDGE_LOOP('',(#1180,#1181,#1182,#1183,#1184));
#2170=EDGE_LOOP('',(#1185,#1186,#1187,#1188));
#2171=EDGE_LOOP('',(#1189,#1190,#1191,#1192,#1193));
#2172=EDGE_LOOP('',(#1194));
#2173=EDGE_LOOP('',(#1195));
#2174=EDGE_LOOP('',(#1196));
#2175=EDGE_LOOP('',(#1197));
#2176=EDGE_LOOP('',(#1198));
#2177=EDGE_LOOP('',(#1199));
#2178=EDGE_LOOP('',(#1200));
#2179=EDGE_LOOP('',(#1201));
#2180=EDGE_LOOP('',(#1202));
#2181=EDGE_LOOP('',(#1203));
#2182=EDGE_LOOP('',(#1204));
#2183=EDGE_LOOP('',(#1205));
#2184=EDGE_LOOP('',(#1206,#1207,#1208,#1209));
#2185=EDGE_LOOP('',(#1210,#1211,#1212,#1213));
#2186=EDGE_LOOP('',(#1214,#1215,#1216,#1217));
#2187=EDGE_LOOP('',(#1218,#1219,#1220,#1221));
#2188=EDGE_LOOP('',(#1222,#1223,#1224,#1225));
#2189=EDGE_LOOP('',(#1226));
#2190=EDGE_LOOP('',(#1227));
#2191=EDGE_LOOP('',(#1228));
#2192=EDGE_LOOP('',(#1229));
#2193=EDGE_LOOP('',(#1230));
#2194=EDGE_LOOP('',(#1231,#1232,#1233,#1234));
#2195=EDGE_LOOP('',(#1235));
#2196=FACE_BOUND('',#1979,.T.);
#2197=FACE_BOUND('',#1980,.T.);
#2198=FACE_BOUND('',#1981,.T.);
#2199=FACE_BOUND('',#1982,.T.);
#2200=FACE_BOUND('',#1983,.T.);
#2201=FACE_BOUND('',#1984,.T.);
#2202=FACE_BOUND('',#1985,.T.);
#2203=FACE_BOUND('',#1986,.T.);
#2204=FACE_BOUND('',#1987,.T.);
#2205=FACE_BOUND('',#1988,.T.);
#2206=FACE_BOUND('',#1989,.T.);
#2207=FACE_BOUND('',#1990,.T.);
#2208=FACE_BOUND('',#1991,.T.);
#2209=FACE_BOUND('',#1992,.T.);
#2210=FACE_BOUND('',#1993,.T.);
#2211=FACE_BOUND('',#1994,.T.);
#2212=FACE_BOUND('',#1995,.T.);
#2213=FACE_BOUND('',#1996,.T.);
#2214=FACE_BOUND('',#1997,.T.);
#2215=FACE_BOUND('',#1998,.T.);
#2216=FACE_BOUND('',#1999,.T.);
#2217=FACE_BOUND('',#2000,.T.);
#2218=FACE_BOUND('',#2001,.T.);
#2219=FACE_BOUND('',#2002,.T.);
#2220=FACE_BOUND('',#2003,.T.);
#2221=FACE_BOUND('',#2004,.T.);
#2222=FACE_BOUND('',#2005,.T.);
#2223=FACE_BOUND('',#2006,.T.);
#2224=FACE_BOUND('',#2007,.T.);
#2225=FACE_BOUND('',#2008,.T.);
#2226=FACE_BOUND('',#2009,.T.);
#2227=FACE_BOUND('',#2010,.T.);
#2228=FACE_BOUND('',#2011,.T.);
#2229=FACE_BOUND('',#2012,.T.);
#2230=FACE_BOUND('',#2013,.T.);
#2231=FACE_BOUND('',#2014,.T.);
#2232=FACE_BOUND('',#2015,.T.);
#2233=FACE_BOUND('',#2016,.T.);
#2234=FACE_BOUND('',#2017,.T.);
#2235=FACE_BOUND('',#2018,.T.);
#2236=FACE_BOUND('',#2019,.T.);
#2237=FACE_BOUND('',#2020,.T.);
#2238=FACE_BOUND('',#2021,.T.);
#2239=FACE_BOUND('',#2022,.T.);
#2240=FACE_BOUND('',#2023,.T.);
#2241=FACE_BOUND('',#2024,.T.);
#2242=FACE_BOUND('',#2025,.T.);
#2243=FACE_BOUND('',#2026,.T.);
#2244=FACE_BOUND('',#2027,.T.);
#2245=FACE_BOUND('',#2028,.T.);
#2246=FACE_BOUND('',#2029,.T.);
#2247=FACE_BOUND('',#2030,.T.);
#2248=FACE_BOUND('',#2031,.T.);
#2249=FACE_BOUND('',#2032,.T.);
#2250=FACE_BOUND('',#2033,.T.);
#2251=FACE_BOUND('',#2034,.T.);
#2252=FACE_BOUND('',#2035,.T.);
#2253=FACE_BOUND('',#2036,.T.);
#2254=FACE_BOUND('',#2037,.T.);
#2255=FACE_BOUND('',#2038,.T.);
#2256=FACE_BOUND('',#2039,.T.);
#2257=FACE_BOUND('',#2040,.T.);
#2258=FACE_BOUND('',#2041,.T.);
#2259=FACE_BOUND('',#2042,.T.);
#2260=FACE_BOUND('',#2043,.T.);
#2261=FACE_BOUND('',#2044,.T.);
#2262=FACE_BOUND('',#2045,.T.);
#2263=FACE_BOUND('',#2046,.T.);
#2264=FACE_BOUND('',#2047,.T.);
#2265=FACE_BOUND('',#2048,.T.);
#2266=FACE_BOUND('',#2049,.T.);
#2267=FACE_BOUND('',#2050,.T.);
#2268=FACE_BOUND('',#2051,.T.);
#2269=FACE_BOUND('',#2052,.T.);
#2270=FACE_BOUND('',#2053,.T.);
#2271=FACE_BOUND('',#2054,.T.);
#2272=FACE_BOUND('',#2055,.T.);
#2273=FACE_BOUND('',#2056,.T.);
#2274=FACE_BOUND('',#2057,.T.);
#2275=FACE_BOUND('',#2058,.T.);
#2276=FACE_BOUND('',#2059,.T.);
#2277=FACE_BOUND('',#2060,.T.);
#2278=FACE_BOUND('',#2061,.T.);
#2279=FACE_BOUND('',#2062,.T.);
#2280=FACE_BOUND('',#2063,.T.);
#2281=FACE_BOUND('',#2064,.T.);
#2282=FACE_BOUND('',#2065,.T.);
#2283=FACE_BOUND('',#2066,.T.);
#2284=FACE_BOUND('',#2067,.T.);
#2285=FACE_BOUND('',#2068,.T.);
#2286=FACE_BOUND('',#2069,.T.);
#2287=FACE_BOUND('',#2070,.T.);
#2288=FACE_BOUND('',#2071,.T.);
#2289=FACE_BOUND('',#2072,.T.);
#2290=FACE_BOUND('',#2073,.T.);
#2291=FACE_BOUND('',#2074,.T.);
#2292=FACE_BOUND('',#2075,.T.);
#2293=FACE_BOUND('',#2076,.T.);
#2294=FACE_BOUND('',#2077,.T.);
#2295=FACE_BOUND('',#2078,.T.);
#2296=FACE_BOUND('',#2079,.T.);
#2297=FACE_BOUND('',#2080,.T.);
#2298=FACE_BOUND('',#2081,.T.);
#2299=FACE_BOUND('',#2082,.T.);
#2300=FACE_BOUND('',#2083,.T.);
#2301=FACE_BOUND('',#2084,.T.);
#2302=FACE_BOUND('',#2085,.T.);
#2303=FACE_BOUND('',#2086,.T.);
#2304=FACE_BOUND('',#2087,.T.);
#2305=FACE_BOUND('',#2088,.T.);
#2306=FACE_BOUND('',#2089,.T.);
#2307=FACE_BOUND('',#2090,.T.);
#2308=FACE_BOUND('',#2091,.T.);
#2309=FACE_BOUND('',#2092,.T.);
#2310=FACE_BOUND('',#2093,.T.);
#2311=FACE_BOUND('',#2094,.T.);
#2312=FACE_BOUND('',#2095,.T.);
#2313=FACE_BOUND('',#2096,.T.);
#2314=FACE_BOUND('',#2097,.T.);
#2315=FACE_BOUND('',#2098,.T.);
#2316=FACE_BOUND('',#2099,.T.);
#2317=FACE_BOUND('',#2100,.T.);
#2318=FACE_BOUND('',#2101,.T.);
#2319=FACE_BOUND('',#2102,.T.);
#2320=FACE_BOUND('',#2103,.T.);
#2321=FACE_BOUND('',#2104,.T.);
#2322=FACE_BOUND('',#2105,.T.);
#2323=FACE_BOUND('',#2106,.T.);
#2324=FACE_BOUND('',#2107,.T.);
#2325=FACE_BOUND('',#2108,.T.);
#2326=FACE_BOUND('',#2109,.T.);
#2327=FACE_BOUND('',#2110,.T.);
#2328=FACE_BOUND('',#2111,.T.);
#2329=FACE_BOUND('',#2112,.T.);
#2330=FACE_BOUND('',#2113,.T.);
#2331=FACE_BOUND('',#2114,.T.);
#2332=FACE_BOUND('',#2115,.T.);
#2333=FACE_BOUND('',#2116,.T.);
#2334=FACE_BOUND('',#2117,.T.);
#2335=FACE_BOUND('',#2118,.T.);
#2336=FACE_BOUND('',#2119,.T.);
#2337=FACE_BOUND('',#2120,.T.);
#2338=FACE_BOUND('',#2121,.T.);
#2339=FACE_BOUND('',#2122,.T.);
#2340=FACE_BOUND('',#2123,.T.);
#2341=FACE_BOUND('',#2124,.T.);
#2342=FACE_BOUND('',#2125,.T.);
#2343=FACE_BOUND('',#2126,.T.);
#2344=FACE_BOUND('',#2127,.T.);
#2345=FACE_BOUND('',#2128,.T.);
#2346=FACE_BOUND('',#2129,.T.);
#2347=FACE_BOUND('',#2130,.T.);
#2348=FACE_BOUND('',#2131,.T.);
#2349=FACE_BOUND('',#2132,.T.);
#2350=FACE_BOUND('',#2133,.T.);
#2351=FACE_BOUND('',#2134,.T.);
#2352=FACE_BOUND('',#2135,.T.);
#2353=FACE_BOUND('',#2136,.T.);
#2354=FACE_BOUND('',#2137,.T.);
#2355=FACE_BOUND('',#2138,.T.);
#2356=FACE_BOUND('',#2139,.T.);
#2357=FACE_BOUND('',#2140,.T.);
#2358=FACE_BOUND('',#2141,.T.);
#2359=FACE_BOUND('',#2142,.T.);
#2360=FACE_BOUND('',#2143,.T.);
#2361=FACE_BOUND('',#2144,.T.);
#2362=FACE_BOUND('',#2145,.T.);
#2363=FACE_BOUND('',#2146,.T.);
#2364=FACE_BOUND('',#2147,.T.);
#2365=FACE_BOUND('',#2148,.T.);
#2366=FACE_BOUND('',#2149,.T.);
#2367=FACE_BOUND('',#2150,.T.);
#2368=FACE_BOUND('',#2151,.T.);
#2369=FACE_BOUND('',#2152,.T.);
#2370=FACE_BOUND('',#2153,.T.);
#2371=FACE_BOUND('',#2154,.T.);
#2372=FACE_BOUND('',#2155,.T.);
#2373=FACE_BOUND('',#2156,.T.);
#2374=FACE_BOUND('',#2157,.T.);
#2375=FACE_BOUND('',#2158,.T.);
#2376=FACE_BOUND('',#2159,.T.);
#2377=FACE_BOUND('',#2160,.T.);
#2378=FACE_BOUND('',#2161,.T.);
#2379=FACE_BOUND('',#2162,.T.);
#2380=FACE_BOUND('',#2163,.T.);
#2381=FACE_BOUND('',#2164,.T.);
#2382=FACE_BOUND('',#2165,.T.);
#2383=FACE_BOUND('',#2166,.T.);
#2384=FACE_BOUND('',#2167,.T.);
#2385=FACE_BOUND('',#2168,.T.);
#2386=FACE_BOUND('',#2169,.T.);
#2387=FACE_BOUND('',#2170,.T.);
#2388=FACE_BOUND('',#2171,.T.);
#2389=FACE_BOUND('',#2172,.T.);
#2390=FACE_BOUND('',#2173,.T.);
#2391=FACE_BOUND('',#2174,.T.);
#2392=FACE_BOUND('',#2175,.T.);
#2393=FACE_BOUND('',#2176,.T.);
#2394=FACE_BOUND('',#2177,.T.);
#2395=FACE_BOUND('',#2178,.T.);
#2396=FACE_BOUND('',#2179,.T.);
#2397=FACE_BOUND('',#2180,.T.);
#2398=FACE_BOUND('',#2181,.T.);
#2399=FACE_BOUND('',#2182,.T.);
#2400=FACE_BOUND('',#2183,.T.);
#2401=FACE_BOUND('',#2184,.T.);
#2402=FACE_BOUND('',#2185,.T.);
#2403=FACE_BOUND('',#2186,.T.);
#2404=FACE_BOUND('',#2187,.T.);
#2405=FACE_BOUND('',#2188,.T.);
#2406=FACE_BOUND('',#2189,.T.);
#2407=FACE_BOUND('',#2190,.T.);
#2408=FACE_BOUND('',#2191,.T.);
#2409=FACE_BOUND('',#2192,.T.);
#2410=FACE_BOUND('',#2193,.T.);
#2411=FACE_BOUND('',#2194,.T.);
#2412=FACE_BOUND('',#2195,.T.);
#2413=PLANE('',#3238);
#2414=PLANE('',#3240);
#2415=PLANE('',#3242);
#2416=PLANE('',#3244);
#2417=PLANE('',#3246);
#2418=PLANE('',#3251);
#2419=PLANE('',#3256);
#2420=PLANE('',#3257);
#2421=PLANE('',#3258);
#2422=PLANE('',#3271);
#2423=PLANE('',#3272);
#2424=PLANE('',#3274);
#2425=PLANE('',#3275);
#2426=PLANE('',#3284);
#2427=PLANE('',#3285);
#2428=PLANE('',#3291);
#2429=PLANE('',#3292);
#2430=PLANE('',#3293);
#2431=PLANE('',#3305);
#2432=PLANE('',#3309);
#2433=PLANE('',#3315);
#2434=PLANE('',#3324);
#2435=PLANE('',#3333);
#2436=PLANE('',#3334);
#2437=PLANE('',#3335);
#2438=PLANE('',#3341);
#2439=PLANE('',#3345);
#2440=PLANE('',#3349);
#2441=PLANE('',#3353);
#2442=PLANE('',#3354);
#2443=PLANE('',#3364);
#2444=PLANE('',#3368);
#2445=PLANE('',#3369);
#2446=PLANE('',#3370);
#2447=PLANE('',#3374);
#2448=PLANE('',#3381);
#2449=PLANE('',#3386);
#2450=PLANE('',#3387);
#2451=PLANE('',#3388);
#2452=PLANE('',#3389);
#2453=PLANE('',#3390);
#2454=PLANE('',#3392);
#2455=PLANE('',#3394);
#2456=PLANE('',#3396);
#2457=PLANE('',#3399);
#2458=PLANE('',#3400);
#2459=PLANE('',#3402);
#2460=PLANE('',#3404);
#2461=PLANE('',#3448);
#2462=PLANE('',#3460);
#2463=PLANE('',#3463);
#2464=PLANE('',#3466);
#2465=PLANE('',#3467);
#2466=PLANE('',#3468);
#2467=PLANE('',#3471);
#2468=PLANE('',#3472);
#2469=PLANE('',#3473);
#2470=PLANE('',#3476);
#2471=PLANE('',#3477);
#2472=PLANE('',#3478);
#2473=PLANE('',#3481);
#2474=PLANE('',#3482);
#2475=PLANE('',#3483);
#2476=PLANE('',#3486);
#2477=PLANE('',#3487);
#2478=PLANE('',#3488);
#2479=PLANE('',#3491);
#2480=PLANE('',#3492);
#2481=PLANE('',#3493);
#2482=PLANE('',#3496);
#2483=PLANE('',#3497);
#2484=PLANE('',#3498);
#2485=PLANE('',#3501);
#2486=PLANE('',#3502);
#2487=PLANE('',#3503);
#2488=PLANE('',#3506);
#2489=PLANE('',#3507);
#2490=PLANE('',#3508);
#2491=PLANE('',#3510);
#2492=PLANE('',#3512);
#2493=PLANE('',#3514);
#2494=PLANE('',#3520);
#2495=PLANE('',#3526);
#2496=PLANE('',#3527);
#2497=PLANE('',#3528);
#2498=PLANE('',#3529);
#2499=PLANE('',#3530);
#2500=PLANE('',#3531);
#2501=STYLED_ITEM('',(#2580),#3058);
#2502=STYLED_ITEM('',(#2581),#3059);
#2503=STYLED_ITEM('',(#2582),#3060);
#2504=STYLED_ITEM('',(#2583),#3061);
#2505=STYLED_ITEM('',(#2584),#3062);
#2506=STYLED_ITEM('',(#2585),#3063);
#2507=STYLED_ITEM('',(#2586),#3064);
#2508=STYLED_ITEM('',(#2587),#3065);
#2509=STYLED_ITEM('',(#2588),#3066);
#2510=STYLED_ITEM('',(#2589),#3067);
#2511=STYLED_ITEM('',(#2590),#3068);
#2512=STYLED_ITEM('',(#2591),#3069);
#2513=STYLED_ITEM('',(#2592),#3070);
#2514=STYLED_ITEM('',(#2593),#3071);
#2515=STYLED_ITEM('',(#2594),#3072);
#2516=STYLED_ITEM('',(#2595),#3073);
#2517=STYLED_ITEM('',(#2596),#3074);
#2518=STYLED_ITEM('',(#2597),#3075);
#2519=STYLED_ITEM('',(#2598),#3076);
#2520=STYLED_ITEM('',(#2599),#3077);
#2521=STYLED_ITEM('',(#2600),#3078);
#2522=STYLED_ITEM('',(#2601),#3079);
#2523=STYLED_ITEM('',(#2602),#3080);
#2524=STYLED_ITEM('',(#2603),#3081);
#2525=STYLED_ITEM('',(#2604),#3082);
#2526=STYLED_ITEM('',(#2605),#3083);
#2527=STYLED_ITEM('',(#2606),#3084);
#2528=STYLED_ITEM('',(#2607),#3085);
#2529=STYLED_ITEM('',(#2608),#3086);
#2530=STYLED_ITEM('',(#2609),#3087);
#2531=STYLED_ITEM('',(#2610),#3088);
#2532=STYLED_ITEM('',(#2611),#3089);
#2533=STYLED_ITEM('',(#2612),#3090);
#2534=STYLED_ITEM('',(#2613),#3091);
#2535=STYLED_ITEM('',(#2614),#3092);
#2536=STYLED_ITEM('',(#2615),#3093);
#2537=STYLED_ITEM('',(#2616),#3094);
#2538=STYLED_ITEM('',(#2617),#3095);
#2539=STYLED_ITEM('',(#2618),#3096);
#2540=STYLED_ITEM('',(#2619),#3097);
#2541=STYLED_ITEM('',(#2620),#3098);
#2542=STYLED_ITEM('',(#2621),#3099);
#2543=STYLED_ITEM('',(#2622),#3100);
#2544=STYLED_ITEM('',(#2623),#3101);
#2545=STYLED_ITEM('',(#2624),#3102);
#2546=STYLED_ITEM('',(#2625),#3103);
#2547=STYLED_ITEM('',(#2626),#3104);
#2548=STYLED_ITEM('',(#2627),#3105);
#2549=STYLED_ITEM('',(#2628),#3106);
#2550=STYLED_ITEM('',(#2629),#3107);
#2551=STYLED_ITEM('',(#2630),#3108);
#2552=STYLED_ITEM('',(#2631),#3109);
#2553=STYLED_ITEM('',(#2632),#3110);
#2554=STYLED_ITEM('',(#2633),#3111);
#2555=STYLED_ITEM('',(#2634),#3112);
#2556=STYLED_ITEM('',(#2635),#3113);
#2557=STYLED_ITEM('',(#2636),#3114);
#2558=STYLED_ITEM('',(#2637),#3115);
#2559=STYLED_ITEM('',(#2638),#3116);
#2560=STYLED_ITEM('',(#2639),#3117);
#2561=STYLED_ITEM('',(#2640),#3118);
#2562=STYLED_ITEM('',(#2641),#3119);
#2563=STYLED_ITEM('',(#2642),#3224);
#2564=STYLED_ITEM('',(#2643),#3225);
#2565=STYLED_ITEM('',(#2644),#3204);
#2566=STYLED_ITEM('',(#2645),#3205);
#2567=STYLED_ITEM('',(#2646),#3206);
#2568=STYLED_ITEM('',(#2647),#3207);
#2569=STYLED_ITEM('',(#2648),#3208);
#2570=STYLED_ITEM('',(#2649),#3209);
#2571=STYLED_ITEM('',(#2650),#3210);
#2572=STYLED_ITEM('',(#2651),#3211);
#2573=STYLED_ITEM('',(#2652),#3212);
#2574=STYLED_ITEM('',(#2653),#3213);
#2575=STYLED_ITEM('',(#2654),#3214);
#2576=STYLED_ITEM('',(#2655),#3215);
#2577=STYLED_ITEM('',(#2656),#3216);
#2578=STYLED_ITEM('',(#2657),#3217);
#2579=STYLED_ITEM('',(#2658),#3218);
#2580=PRESENTATION_STYLE_ASSIGNMENT((#2659));
#2581=PRESENTATION_STYLE_ASSIGNMENT((#2660));
#2582=PRESENTATION_STYLE_ASSIGNMENT((#2661));
#2583=PRESENTATION_STYLE_ASSIGNMENT((#2662));
#2584=PRESENTATION_STYLE_ASSIGNMENT((#2663));
#2585=PRESENTATION_STYLE_ASSIGNMENT((#2664));
#2586=PRESENTATION_STYLE_ASSIGNMENT((#2665));
#2587=PRESENTATION_STYLE_ASSIGNMENT((#2666));
#2588=PRESENTATION_STYLE_ASSIGNMENT((#2667));
#2589=PRESENTATION_STYLE_ASSIGNMENT((#2668));
#2590=PRESENTATION_STYLE_ASSIGNMENT((#2669));
#2591=PRESENTATION_STYLE_ASSIGNMENT((#2670));
#2592=PRESENTATION_STYLE_ASSIGNMENT((#2671));
#2593=PRESENTATION_STYLE_ASSIGNMENT((#2672));
#2594=PRESENTATION_STYLE_ASSIGNMENT((#2673));
#2595=PRESENTATION_STYLE_ASSIGNMENT((#2674));
#2596=PRESENTATION_STYLE_ASSIGNMENT((#2675));
#2597=PRESENTATION_STYLE_ASSIGNMENT((#2676));
#2598=PRESENTATION_STYLE_ASSIGNMENT((#2677));
#2599=PRESENTATION_STYLE_ASSIGNMENT((#2678));
#2600=PRESENTATION_STYLE_ASSIGNMENT((#2679));
#2601=PRESENTATION_STYLE_ASSIGNMENT((#2680));
#2602=PRESENTATION_STYLE_ASSIGNMENT((#2681));
#2603=PRESENTATION_STYLE_ASSIGNMENT((#2682));
#2604=PRESENTATION_STYLE_ASSIGNMENT((#2683));
#2605=PRESENTATION_STYLE_ASSIGNMENT((#2684));
#2606=PRESENTATION_STYLE_ASSIGNMENT((#2685));
#2607=PRESENTATION_STYLE_ASSIGNMENT((#2686));
#2608=PRESENTATION_STYLE_ASSIGNMENT((#2687));
#2609=PRESENTATION_STYLE_ASSIGNMENT((#2688));
#2610=PRESENTATION_STYLE_ASSIGNMENT((#2689));
#2611=PRESENTATION_STYLE_ASSIGNMENT((#2690));
#2612=PRESENTATION_STYLE_ASSIGNMENT((#2691));
#2613=PRESENTATION_STYLE_ASSIGNMENT((#2692));
#2614=PRESENTATION_STYLE_ASSIGNMENT((#2693));
#2615=PRESENTATION_STYLE_ASSIGNMENT((#2694));
#2616=PRESENTATION_STYLE_ASSIGNMENT((#2695));
#2617=PRESENTATION_STYLE_ASSIGNMENT((#2696));
#2618=PRESENTATION_STYLE_ASSIGNMENT((#2697));
#2619=PRESENTATION_STYLE_ASSIGNMENT((#2698));
#2620=PRESENTATION_STYLE_ASSIGNMENT((#2699));
#2621=PRESENTATION_STYLE_ASSIGNMENT((#2700));
#2622=PRESENTATION_STYLE_ASSIGNMENT((#2701));
#2623=PRESENTATION_STYLE_ASSIGNMENT((#2702));
#2624=PRESENTATION_STYLE_ASSIGNMENT((#2703));
#2625=PRESENTATION_STYLE_ASSIGNMENT((#2704));
#2626=PRESENTATION_STYLE_ASSIGNMENT((#2705));
#2627=PRESENTATION_STYLE_ASSIGNMENT((#2706));
#2628=PRESENTATION_STYLE_ASSIGNMENT((#2707));
#2629=PRESENTATION_STYLE_ASSIGNMENT((#2708));
#2630=PRESENTATION_STYLE_ASSIGNMENT((#2709));
#2631=PRESENTATION_STYLE_ASSIGNMENT((#2710));
#2632=PRESENTATION_STYLE_ASSIGNMENT((#2711));
#2633=PRESENTATION_STYLE_ASSIGNMENT((#2712));
#2634=PRESENTATION_STYLE_ASSIGNMENT((#2713));
#2635=PRESENTATION_STYLE_ASSIGNMENT((#2714));
#2636=PRESENTATION_STYLE_ASSIGNMENT((#2715));
#2637=PRESENTATION_STYLE_ASSIGNMENT((#2716));
#2638=PRESENTATION_STYLE_ASSIGNMENT((#2717));
#2639=PRESENTATION_STYLE_ASSIGNMENT((#2718));
#2640=PRESENTATION_STYLE_ASSIGNMENT((#2719));
#2641=PRESENTATION_STYLE_ASSIGNMENT((#2720));
#2642=PRESENTATION_STYLE_ASSIGNMENT((#2721));
#2643=PRESENTATION_STYLE_ASSIGNMENT((#2722));
#2644=PRESENTATION_STYLE_ASSIGNMENT((#2723));
#2645=PRESENTATION_STYLE_ASSIGNMENT((#2724));
#2646=PRESENTATION_STYLE_ASSIGNMENT((#2725));
#2647=PRESENTATION_STYLE_ASSIGNMENT((#2726));
#2648=PRESENTATION_STYLE_ASSIGNMENT((#2727));
#2649=PRESENTATION_STYLE_ASSIGNMENT((#2728));
#2650=PRESENTATION_STYLE_ASSIGNMENT((#2729));
#2651=PRESENTATION_STYLE_ASSIGNMENT((#2730));
#2652=PRESENTATION_STYLE_ASSIGNMENT((#2731));
#2653=PRESENTATION_STYLE_ASSIGNMENT((#2732));
#2654=PRESENTATION_STYLE_ASSIGNMENT((#2733));
#2655=PRESENTATION_STYLE_ASSIGNMENT((#2734));
#2656=PRESENTATION_STYLE_ASSIGNMENT((#2735));
#2657=PRESENTATION_STYLE_ASSIGNMENT((#2736));
#2658=PRESENTATION_STYLE_ASSIGNMENT((#2737));
#2659=SURFACE_STYLE_USAGE(.BOTH.,#2738);
#2660=SURFACE_STYLE_USAGE(.BOTH.,#2739);
#2661=SURFACE_STYLE_USAGE(.BOTH.,#2740);
#2662=SURFACE_STYLE_USAGE(.BOTH.,#2741);
#2663=SURFACE_STYLE_USAGE(.BOTH.,#2742);
#2664=SURFACE_STYLE_USAGE(.BOTH.,#2743);
#2665=SURFACE_STYLE_USAGE(.BOTH.,#2744);
#2666=SURFACE_STYLE_USAGE(.BOTH.,#2745);
#2667=SURFACE_STYLE_USAGE(.BOTH.,#2746);
#2668=SURFACE_STYLE_USAGE(.BOTH.,#2747);
#2669=SURFACE_STYLE_USAGE(.BOTH.,#2748);
#2670=SURFACE_STYLE_USAGE(.BOTH.,#2749);
#2671=SURFACE_STYLE_USAGE(.BOTH.,#2750);
#2672=SURFACE_STYLE_USAGE(.BOTH.,#2751);
#2673=SURFACE_STYLE_USAGE(.BOTH.,#2752);
#2674=SURFACE_STYLE_USAGE(.BOTH.,#2753);
#2675=SURFACE_STYLE_USAGE(.BOTH.,#2754);
#2676=SURFACE_STYLE_USAGE(.BOTH.,#2755);
#2677=SURFACE_STYLE_USAGE(.BOTH.,#2756);
#2678=SURFACE_STYLE_USAGE(.BOTH.,#2757);
#2679=SURFACE_STYLE_USAGE(.BOTH.,#2758);
#2680=SURFACE_STYLE_USAGE(.BOTH.,#2759);
#2681=SURFACE_STYLE_USAGE(.BOTH.,#2760);
#2682=SURFACE_STYLE_USAGE(.BOTH.,#2761);
#2683=SURFACE_STYLE_USAGE(.BOTH.,#2762);
#2684=SURFACE_STYLE_USAGE(.BOTH.,#2763);
#2685=SURFACE_STYLE_USAGE(.BOTH.,#2764);
#2686=SURFACE_STYLE_USAGE(.BOTH.,#2765);
#2687=SURFACE_STYLE_USAGE(.BOTH.,#2766);
#2688=SURFACE_STYLE_USAGE(.BOTH.,#2767);
#2689=SURFACE_STYLE_USAGE(.BOTH.,#2768);
#2690=SURFACE_STYLE_USAGE(.BOTH.,#2769);
#2691=SURFACE_STYLE_USAGE(.BOTH.,#2770);
#2692=SURFACE_STYLE_USAGE(.BOTH.,#2771);
#2693=SURFACE_STYLE_USAGE(.BOTH.,#2772);
#2694=SURFACE_STYLE_USAGE(.BOTH.,#2773);
#2695=SURFACE_STYLE_USAGE(.BOTH.,#2774);
#2696=SURFACE_STYLE_USAGE(.BOTH.,#2775);
#2697=SURFACE_STYLE_USAGE(.BOTH.,#2776);
#2698=SURFACE_STYLE_USAGE(.BOTH.,#2777);
#2699=SURFACE_STYLE_USAGE(.BOTH.,#2778);
#2700=SURFACE_STYLE_USAGE(.BOTH.,#2779);
#2701=SURFACE_STYLE_USAGE(.BOTH.,#2780);
#2702=SURFACE_STYLE_USAGE(.BOTH.,#2781);
#2703=SURFACE_STYLE_USAGE(.BOTH.,#2782);
#2704=SURFACE_STYLE_USAGE(.BOTH.,#2783);
#2705=SURFACE_STYLE_USAGE(.BOTH.,#2784);
#2706=SURFACE_STYLE_USAGE(.BOTH.,#2785);
#2707=SURFACE_STYLE_USAGE(.BOTH.,#2786);
#2708=SURFACE_STYLE_USAGE(.BOTH.,#2787);
#2709=SURFACE_STYLE_USAGE(.BOTH.,#2788);
#2710=SURFACE_STYLE_USAGE(.BOTH.,#2789);
#2711=SURFACE_STYLE_USAGE(.BOTH.,#2790);
#2712=SURFACE_STYLE_USAGE(.BOTH.,#2791);
#2713=SURFACE_STYLE_USAGE(.BOTH.,#2792);
#2714=SURFACE_STYLE_USAGE(.BOTH.,#2793);
#2715=SURFACE_STYLE_USAGE(.BOTH.,#2794);
#2716=SURFACE_STYLE_USAGE(.BOTH.,#2795);
#2717=SURFACE_STYLE_USAGE(.BOTH.,#2796);
#2718=SURFACE_STYLE_USAGE(.BOTH.,#2797);
#2719=SURFACE_STYLE_USAGE(.BOTH.,#2798);
#2720=SURFACE_STYLE_USAGE(.BOTH.,#2799);
#2721=SURFACE_STYLE_USAGE(.BOTH.,#2800);
#2722=SURFACE_STYLE_USAGE(.BOTH.,#2801);
#2723=SURFACE_STYLE_USAGE(.BOTH.,#2802);
#2724=SURFACE_STYLE_USAGE(.BOTH.,#2803);
#2725=SURFACE_STYLE_USAGE(.BOTH.,#2804);
#2726=SURFACE_STYLE_USAGE(.BOTH.,#2805);
#2727=SURFACE_STYLE_USAGE(.BOTH.,#2806);
#2728=SURFACE_STYLE_USAGE(.BOTH.,#2807);
#2729=SURFACE_STYLE_USAGE(.BOTH.,#2808);
#2730=SURFACE_STYLE_USAGE(.BOTH.,#2809);
#2731=SURFACE_STYLE_USAGE(.BOTH.,#2810);
#2732=SURFACE_STYLE_USAGE(.BOTH.,#2811);
#2733=SURFACE_STYLE_USAGE(.BOTH.,#2812);
#2734=SURFACE_STYLE_USAGE(.BOTH.,#2813);
#2735=SURFACE_STYLE_USAGE(.BOTH.,#2814);
#2736=SURFACE_STYLE_USAGE(.BOTH.,#2815);
#2737=SURFACE_STYLE_USAGE(.BOTH.,#2816);
#2738=SURFACE_SIDE_STYLE('',(#2817));
#2739=SURFACE_SIDE_STYLE('',(#2818));
#2740=SURFACE_SIDE_STYLE('',(#2819));
#2741=SURFACE_SIDE_STYLE('',(#2820));
#2742=SURFACE_SIDE_STYLE('',(#2821));
#2743=SURFACE_SIDE_STYLE('',(#2822));
#2744=SURFACE_SIDE_STYLE('',(#2823));
#2745=SURFACE_SIDE_STYLE('',(#2824));
#2746=SURFACE_SIDE_STYLE('',(#2825));
#2747=SURFACE_SIDE_STYLE('',(#2826));
#2748=SURFACE_SIDE_STYLE('',(#2827));
#2749=SURFACE_SIDE_STYLE('',(#2828));
#2750=SURFACE_SIDE_STYLE('',(#2829));
#2751=SURFACE_SIDE_STYLE('',(#2830));
#2752=SURFACE_SIDE_STYLE('',(#2831));
#2753=SURFACE_SIDE_STYLE('',(#2832));
#2754=SURFACE_SIDE_STYLE('',(#2833));
#2755=SURFACE_SIDE_STYLE('',(#2834));
#2756=SURFACE_SIDE_STYLE('',(#2835));
#2757=SURFACE_SIDE_STYLE('',(#2836));
#2758=SURFACE_SIDE_STYLE('',(#2837));
#2759=SURFACE_SIDE_STYLE('',(#2838));
#2760=SURFACE_SIDE_STYLE('',(#2839));
#2761=SURFACE_SIDE_STYLE('',(#2840));
#2762=SURFACE_SIDE_STYLE('',(#2841));
#2763=SURFACE_SIDE_STYLE('',(#2842));
#2764=SURFACE_SIDE_STYLE('',(#2843));
#2765=SURFACE_SIDE_STYLE('',(#2844));
#2766=SURFACE_SIDE_STYLE('',(#2845));
#2767=SURFACE_SIDE_STYLE('',(#2846));
#2768=SURFACE_SIDE_STYLE('',(#2847));
#2769=SURFACE_SIDE_STYLE('',(#2848));
#2770=SURFACE_SIDE_STYLE('',(#2849));
#2771=SURFACE_SIDE_STYLE('',(#2850));
#2772=SURFACE_SIDE_STYLE('',(#2851));
#2773=SURFACE_SIDE_STYLE('',(#2852));
#2774=SURFACE_SIDE_STYLE('',(#2853));
#2775=SURFACE_SIDE_STYLE('',(#2854));
#2776=SURFACE_SIDE_STYLE('',(#2855));
#2777=SURFACE_SIDE_STYLE('',(#2856));
#2778=SURFACE_SIDE_STYLE('',(#2857));
#2779=SURFACE_SIDE_STYLE('',(#2858));
#2780=SURFACE_SIDE_STYLE('',(#2859));
#2781=SURFACE_SIDE_STYLE('',(#2860));
#2782=SURFACE_SIDE_STYLE('',(#2861));
#2783=SURFACE_SIDE_STYLE('',(#2862));
#2784=SURFACE_SIDE_STYLE('',(#2863));
#2785=SURFACE_SIDE_STYLE('',(#2864));
#2786=SURFACE_SIDE_STYLE('',(#2865));
#2787=SURFACE_SIDE_STYLE('',(#2866));
#2788=SURFACE_SIDE_STYLE('',(#2867));
#2789=SURFACE_SIDE_STYLE('',(#2868));
#2790=SURFACE_SIDE_STYLE('',(#2869));
#2791=SURFACE_SIDE_STYLE('',(#2870));
#2792=SURFACE_SIDE_STYLE('',(#2871));
#2793=SURFACE_SIDE_STYLE('',(#2872));
#2794=SURFACE_SIDE_STYLE('',(#2873));
#2795=SURFACE_SIDE_STYLE('',(#2874));
#2796=SURFACE_SIDE_STYLE('',(#2875));
#2797=SURFACE_SIDE_STYLE('',(#2876));
#2798=SURFACE_SIDE_STYLE('',(#2877));
#2799=SURFACE_SIDE_STYLE('',(#2878));
#2800=SURFACE_SIDE_STYLE('',(#2879));
#2801=SURFACE_SIDE_STYLE('',(#2880));
#2802=SURFACE_SIDE_STYLE('',(#2881));
#2803=SURFACE_SIDE_STYLE('',(#2882));
#2804=SURFACE_SIDE_STYLE('',(#2883));
#2805=SURFACE_SIDE_STYLE('',(#2884));
#2806=SURFACE_SIDE_STYLE('',(#2885));
#2807=SURFACE_SIDE_STYLE('',(#2886));
#2808=SURFACE_SIDE_STYLE('',(#2887));
#2809=SURFACE_SIDE_STYLE('',(#2888));
#2810=SURFACE_SIDE_STYLE('',(#2889));
#2811=SURFACE_SIDE_STYLE('',(#2890));
#2812=SURFACE_SIDE_STYLE('',(#2891));
#2813=SURFACE_SIDE_STYLE('',(#2892));
#2814=SURFACE_SIDE_STYLE('',(#2893));
#2815=SURFACE_SIDE_STYLE('',(#2894));
#2816=SURFACE_SIDE_STYLE('',(#2895));
#2817=SURFACE_STYLE_FILL_AREA(#2896);
#2818=SURFACE_STYLE_FILL_AREA(#2897);
#2819=SURFACE_STYLE_FILL_AREA(#2898);
#2820=SURFACE_STYLE_FILL_AREA(#2899);
#2821=SURFACE_STYLE_FILL_AREA(#2900);
#2822=SURFACE_STYLE_FILL_AREA(#2901);
#2823=SURFACE_STYLE_FILL_AREA(#2902);
#2824=SURFACE_STYLE_FILL_AREA(#2903);
#2825=SURFACE_STYLE_FILL_AREA(#2904);
#2826=SURFACE_STYLE_FILL_AREA(#2905);
#2827=SURFACE_STYLE_FILL_AREA(#2906);
#2828=SURFACE_STYLE_FILL_AREA(#2907);
#2829=SURFACE_STYLE_FILL_AREA(#2908);
#2830=SURFACE_STYLE_FILL_AREA(#2909);
#2831=SURFACE_STYLE_FILL_AREA(#2910);
#2832=SURFACE_STYLE_FILL_AREA(#2911);
#2833=SURFACE_STYLE_FILL_AREA(#2912);
#2834=SURFACE_STYLE_FILL_AREA(#2913);
#2835=SURFACE_STYLE_FILL_AREA(#2914);
#2836=SURFACE_STYLE_FILL_AREA(#2915);
#2837=SURFACE_STYLE_FILL_AREA(#2916);
#2838=SURFACE_STYLE_FILL_AREA(#2917);
#2839=SURFACE_STYLE_FILL_AREA(#2918);
#2840=SURFACE_STYLE_FILL_AREA(#2919);
#2841=SURFACE_STYLE_FILL_AREA(#2920);
#2842=SURFACE_STYLE_FILL_AREA(#2921);
#2843=SURFACE_STYLE_FILL_AREA(#2922);
#2844=SURFACE_STYLE_FILL_AREA(#2923);
#2845=SURFACE_STYLE_FILL_AREA(#2924);
#2846=SURFACE_STYLE_FILL_AREA(#2925);
#2847=SURFACE_STYLE_FILL_AREA(#2926);
#2848=SURFACE_STYLE_FILL_AREA(#2927);
#2849=SURFACE_STYLE_FILL_AREA(#2928);
#2850=SURFACE_STYLE_FILL_AREA(#2929);
#2851=SURFACE_STYLE_FILL_AREA(#2930);
#2852=SURFACE_STYLE_FILL_AREA(#2931);
#2853=SURFACE_STYLE_FILL_AREA(#2932);
#2854=SURFACE_STYLE_FILL_AREA(#2933);
#2855=SURFACE_STYLE_FILL_AREA(#2934);
#2856=SURFACE_STYLE_FILL_AREA(#2935);
#2857=SURFACE_STYLE_FILL_AREA(#2936);
#2858=SURFACE_STYLE_FILL_AREA(#2937);
#2859=SURFACE_STYLE_FILL_AREA(#2938);
#2860=SURFACE_STYLE_FILL_AREA(#2939);
#2861=SURFACE_STYLE_FILL_AREA(#2940);
#2862=SURFACE_STYLE_FILL_AREA(#2941);
#2863=SURFACE_STYLE_FILL_AREA(#2942);
#2864=SURFACE_STYLE_FILL_AREA(#2943);
#2865=SURFACE_STYLE_FILL_AREA(#2944);
#2866=SURFACE_STYLE_FILL_AREA(#2945);
#2867=SURFACE_STYLE_FILL_AREA(#2946);
#2868=SURFACE_STYLE_FILL_AREA(#2947);
#2869=SURFACE_STYLE_FILL_AREA(#2948);
#2870=SURFACE_STYLE_FILL_AREA(#2949);
#2871=SURFACE_STYLE_FILL_AREA(#2950);
#2872=SURFACE_STYLE_FILL_AREA(#2951);
#2873=SURFACE_STYLE_FILL_AREA(#2952);
#2874=SURFACE_STYLE_FILL_AREA(#2953);
#2875=SURFACE_STYLE_FILL_AREA(#2954);
#2876=SURFACE_STYLE_FILL_AREA(#2955);
#2877=SURFACE_STYLE_FILL_AREA(#2956);
#2878=SURFACE_STYLE_FILL_AREA(#2957);
#2879=SURFACE_STYLE_FILL_AREA(#2958);
#2880=SURFACE_STYLE_FILL_AREA(#2959);
#2881=SURFACE_STYLE_FILL_AREA(#2960);
#2882=SURFACE_STYLE_FILL_AREA(#2961);
#2883=SURFACE_STYLE_FILL_AREA(#2962);
#2884=SURFACE_STYLE_FILL_AREA(#2963);
#2885=SURFACE_STYLE_FILL_AREA(#2964);
#2886=SURFACE_STYLE_FILL_AREA(#2965);
#2887=SURFACE_STYLE_FILL_AREA(#2966);
#2888=SURFACE_STYLE_FILL_AREA(#2967);
#2889=SURFACE_STYLE_FILL_AREA(#2968);
#2890=SURFACE_STYLE_FILL_AREA(#2969);
#2891=SURFACE_STYLE_FILL_AREA(#2970);
#2892=SURFACE_STYLE_FILL_AREA(#2971);
#2893=SURFACE_STYLE_FILL_AREA(#2972);
#2894=SURFACE_STYLE_FILL_AREA(#2973);
#2895=SURFACE_STYLE_FILL_AREA(#2974);
#2896=FILL_AREA_STYLE('',(#2975));
#2897=FILL_AREA_STYLE('',(#2976));
#2898=FILL_AREA_STYLE('',(#2977));
#2899=FILL_AREA_STYLE('',(#2978));
#2900=FILL_AREA_STYLE('',(#2979));
#2901=FILL_AREA_STYLE('',(#2980));
#2902=FILL_AREA_STYLE('',(#2981));
#2903=FILL_AREA_STYLE('',(#2982));
#2904=FILL_AREA_STYLE('',(#2983));
#2905=FILL_AREA_STYLE('',(#2984));
#2906=FILL_AREA_STYLE('',(#2985));
#2907=FILL_AREA_STYLE('',(#2986));
#2908=FILL_AREA_STYLE('',(#2987));
#2909=FILL_AREA_STYLE('',(#2988));
#2910=FILL_AREA_STYLE('',(#2989));
#2911=FILL_AREA_STYLE('',(#2990));
#2912=FILL_AREA_STYLE('',(#2991));
#2913=FILL_AREA_STYLE('',(#2992));
#2914=FILL_AREA_STYLE('',(#2993));
#2915=FILL_AREA_STYLE('',(#2994));
#2916=FILL_AREA_STYLE('',(#2995));
#2917=FILL_AREA_STYLE('',(#2996));
#2918=FILL_AREA_STYLE('',(#2997));
#2919=FILL_AREA_STYLE('',(#2998));
#2920=FILL_AREA_STYLE('',(#2999));
#2921=FILL_AREA_STYLE('',(#3000));
#2922=FILL_AREA_STYLE('',(#3001));
#2923=FILL_AREA_STYLE('',(#3002));
#2924=FILL_AREA_STYLE('',(#3003));
#2925=FILL_AREA_STYLE('',(#3004));
#2926=FILL_AREA_STYLE('',(#3005));
#2927=FILL_AREA_STYLE('',(#3006));
#2928=FILL_AREA_STYLE('',(#3007));
#2929=FILL_AREA_STYLE('',(#3008));
#2930=FILL_AREA_STYLE('',(#3009));
#2931=FILL_AREA_STYLE('',(#3010));
#2932=FILL_AREA_STYLE('',(#3011));
#2933=FILL_AREA_STYLE('',(#3012));
#2934=FILL_AREA_STYLE('',(#3013));
#2935=FILL_AREA_STYLE('',(#3014));
#2936=FILL_AREA_STYLE('',(#3015));
#2937=FILL_AREA_STYLE('',(#3016));
#2938=FILL_AREA_STYLE('',(#3017));
#2939=FILL_AREA_STYLE('',(#3018));
#2940=FILL_AREA_STYLE('',(#3019));
#2941=FILL_AREA_STYLE('',(#3020));
#2942=FILL_AREA_STYLE('',(#3021));
#2943=FILL_AREA_STYLE('',(#3022));
#2944=FILL_AREA_STYLE('',(#3023));
#2945=FILL_AREA_STYLE('',(#3024));
#2946=FILL_AREA_STYLE('',(#3025));
#2947=FILL_AREA_STYLE('',(#3026));
#2948=FILL_AREA_STYLE('',(#3027));
#2949=FILL_AREA_STYLE('',(#3028));
#2950=FILL_AREA_STYLE('',(#3029));
#2951=FILL_AREA_STYLE('',(#3030));
#2952=FILL_AREA_STYLE('',(#3031));
#2953=FILL_AREA_STYLE('',(#3032));
#2954=FILL_AREA_STYLE('',(#3033));
#2955=FILL_AREA_STYLE('',(#3034));
#2956=FILL_AREA_STYLE('',(#3035));
#2957=FILL_AREA_STYLE('',(#3036));
#2958=FILL_AREA_STYLE('',(#3037));
#2959=FILL_AREA_STYLE('',(#3038));
#2960=FILL_AREA_STYLE('',(#3039));
#2961=FILL_AREA_STYLE('',(#3040));
#2962=FILL_AREA_STYLE('',(#3041));
#2963=FILL_AREA_STYLE('',(#3042));
#2964=FILL_AREA_STYLE('',(#3043));
#2965=FILL_AREA_STYLE('',(#3044));
#2966=FILL_AREA_STYLE('',(#3045));
#2967=FILL_AREA_STYLE('',(#3046));
#2968=FILL_AREA_STYLE('',(#3047));
#2969=FILL_AREA_STYLE('',(#3048));
#2970=FILL_AREA_STYLE('',(#3049));
#2971=FILL_AREA_STYLE('',(#3050));
#2972=FILL_AREA_STYLE('',(#3051));
#2973=FILL_AREA_STYLE('',(#3052));
#2974=FILL_AREA_STYLE('',(#3053));
#2975=FILL_AREA_STYLE_COLOUR('',#3054);
#2976=FILL_AREA_STYLE_COLOUR('',#3054);
#2977=FILL_AREA_STYLE_COLOUR('',#3054);
#2978=FILL_AREA_STYLE_COLOUR('',#3054);
#2979=FILL_AREA_STYLE_COLOUR('',#3054);
#2980=FILL_AREA_STYLE_COLOUR('',#3055);
#2981=FILL_AREA_STYLE_COLOUR('',#3055);
#2982=FILL_AREA_STYLE_COLOUR('',#3055);
#2983=FILL_AREA_STYLE_COLOUR('',#3055);
#2984=FILL_AREA_STYLE_COLOUR('',#3055);
#2985=FILL_AREA_STYLE_COLOUR('',#3055);
#2986=FILL_AREA_STYLE_COLOUR('',#3055);
#2987=FILL_AREA_STYLE_COLOUR('',#3054);
#2988=FILL_AREA_STYLE_COLOUR('',#3054);
#2989=FILL_AREA_STYLE_COLOUR('',#3054);
#2990=FILL_AREA_STYLE_COLOUR('',#3054);
#2991=FILL_AREA_STYLE_COLOUR('',#3054);
#2992=FILL_AREA_STYLE_COLOUR('',#3054);
#2993=FILL_AREA_STYLE_COLOUR('',#3054);
#2994=FILL_AREA_STYLE_COLOUR('',#3054);
#2995=FILL_AREA_STYLE_COLOUR('',#3055);
#2996=FILL_AREA_STYLE_COLOUR('',#3054);
#2997=FILL_AREA_STYLE_COLOUR('',#3054);
#2998=FILL_AREA_STYLE_COLOUR('',#3054);
#2999=FILL_AREA_STYLE_COLOUR('',#3054);
#3000=FILL_AREA_STYLE_COLOUR('',#3054);
#3001=FILL_AREA_STYLE_COLOUR('',#3054);
#3002=FILL_AREA_STYLE_COLOUR('',#3054);
#3003=FILL_AREA_STYLE_COLOUR('',#3054);
#3004=FILL_AREA_STYLE_COLOUR('',#3054);
#3005=FILL_AREA_STYLE_COLOUR('',#51);
#3006=FILL_AREA_STYLE_COLOUR('',#51);
#3007=FILL_AREA_STYLE_COLOUR('',#51);
#3008=FILL_AREA_STYLE_COLOUR('',#51);
#3009=FILL_AREA_STYLE_COLOUR('',#3054);
#3010=FILL_AREA_STYLE_COLOUR('',#51);
#3011=FILL_AREA_STYLE_COLOUR('',#51);
#3012=FILL_AREA_STYLE_COLOUR('',#51);
#3013=FILL_AREA_STYLE_COLOUR('',#51);
#3014=FILL_AREA_STYLE_COLOUR('',#51);
#3015=FILL_AREA_STYLE_COLOUR('',#51);
#3016=FILL_AREA_STYLE_COLOUR('',#51);
#3017=FILL_AREA_STYLE_COLOUR('',#51);
#3018=FILL_AREA_STYLE_COLOUR('',#51);
#3019=FILL_AREA_STYLE_COLOUR('',#51);
#3020=FILL_AREA_STYLE_COLOUR('',#51);
#3021=FILL_AREA_STYLE_COLOUR('',#51);
#3022=FILL_AREA_STYLE_COLOUR('',#51);
#3023=FILL_AREA_STYLE_COLOUR('',#51);
#3024=FILL_AREA_STYLE_COLOUR('',#51);
#3025=FILL_AREA_STYLE_COLOUR('',#51);
#3026=FILL_AREA_STYLE_COLOUR('',#51);
#3027=FILL_AREA_STYLE_COLOUR('',#51);
#3028=FILL_AREA_STYLE_COLOUR('',#51);
#3029=FILL_AREA_STYLE_COLOUR('',#51);
#3030=FILL_AREA_STYLE_COLOUR('',#51);
#3031=FILL_AREA_STYLE_COLOUR('',#51);
#3032=FILL_AREA_STYLE_COLOUR('',#51);
#3033=FILL_AREA_STYLE_COLOUR('',#51);
#3034=FILL_AREA_STYLE_COLOUR('',#51);
#3035=FILL_AREA_STYLE_COLOUR('',#51);
#3036=FILL_AREA_STYLE_COLOUR('',#51);
#3037=FILL_AREA_STYLE_COLOUR('',#3055);
#3038=FILL_AREA_STYLE_COLOUR('',#3056);
#3039=FILL_AREA_STYLE_COLOUR('',#52);
#3040=FILL_AREA_STYLE_COLOUR('',#3055);
#3041=FILL_AREA_STYLE_COLOUR('',#3055);
#3042=FILL_AREA_STYLE_COLOUR('',#3055);
#3043=FILL_AREA_STYLE_COLOUR('',#3055);
#3044=FILL_AREA_STYLE_COLOUR('',#3055);
#3045=FILL_AREA_STYLE_COLOUR('',#3055);
#3046=FILL_AREA_STYLE_COLOUR('',#3057);
#3047=FILL_AREA_STYLE_COLOUR('',#3057);
#3048=FILL_AREA_STYLE_COLOUR('',#3057);
#3049=FILL_AREA_STYLE_COLOUR('',#3057);
#3050=FILL_AREA_STYLE_COLOUR('',#3055);
#3051=FILL_AREA_STYLE_COLOUR('',#3055);
#3052=FILL_AREA_STYLE_COLOUR('',#3057);
#3053=FILL_AREA_STYLE_COLOUR('',#3057);
#3054=COLOUR_RGB('',0.13699999451637,0.13699999451637,0.13699999451637);
#3055=COLOUR_RGB('',0.689999997615814,0.689999997615814,0.689999997615814);
#3056=COLOUR_RGB('',0.,0.50199997425079,1.);
#3057=COLOUR_RGB('',0.50199997425079,0.50199997425079,0.);
#3058=ADVANCED_FACE('',(#2196),#2413,.T.);
#3059=ADVANCED_FACE('',(#2197),#2414,.F.);
#3060=ADVANCED_FACE('',(#2198),#2415,.F.);
#3061=ADVANCED_FACE('',(#2199),#2416,.T.);
#3062=ADVANCED_FACE('',(#2200),#2417,.F.);
#3063=ADVANCED_FACE('',(#2201,#2202),#79,.F.);
#3064=ADVANCED_FACE('',(#2203,#2204),#2418,.T.);
#3065=ADVANCED_FACE('',(#2205,#2206),#80,.F.);
#3066=ADVANCED_FACE('',(#2207),#2419,.T.);
#3067=ADVANCED_FACE('',(#2208),#2420,.T.);
#3068=ADVANCED_FACE('',(#2209,#2210),#2421,.T.);
#3069=ADVANCED_FACE('',(#2211,#2212),#81,.F.);
#3070=ADVANCED_FACE('',(#2213,#2214),#53,.T.);
#3071=ADVANCED_FACE('',(#2215),#82,.T.);
#3072=ADVANCED_FACE('',(#2216),#83,.T.);
#3073=ADVANCED_FACE('',(#2217,#2218),#54,.T.);
#3074=ADVANCED_FACE('',(#2219,#2220),#2422,.F.);
#3075=ADVANCED_FACE('',(#2221,#2222),#2423,.F.);
#3076=ADVANCED_FACE('',(#2223,#2224),#2424,.F.);
#3077=ADVANCED_FACE('',(#2225),#2425,.F.);
#3078=ADVANCED_FACE('',(#2226,#2227),#84,.F.);
#3079=ADVANCED_FACE('',(#2228),#85,.T.);
#3080=ADVANCED_FACE('',(#2229,#2230),#55,.F.);
#3081=ADVANCED_FACE('',(#2231,#2232),#86,.F.);
#3082=ADVANCED_FACE('',(#2233,#2234),#2426,.T.);
#3083=ADVANCED_FACE('',(#2235),#2427,.F.);
#3084=ADVANCED_FACE('',(#2236,#2237),#87,.F.);
#3085=ADVANCED_FACE('',(#2238,#2239),#56,.F.);
#3086=ADVANCED_FACE('',(#2240,#2241),#2428,.T.);
#3087=ADVANCED_FACE('',(#2242),#2429,.T.);
#3088=ADVANCED_FACE('',(#2243),#2430,.F.);
#3089=ADVANCED_FACE('',(#2244,#2245),#47,.T.);
#3090=ADVANCED_FACE('',(#2246,#2247),#88,.T.);
#3091=ADVANCED_FACE('',(#2248,#2249),#57,.T.);
#3092=ADVANCED_FACE('',(#2250,#2251),#58,.T.);
#3093=ADVANCED_FACE('',(#2252,#2253),#59,.T.);
#3094=ADVANCED_FACE('',(#2254,#2255),#2431,.F.);
#3095=ADVANCED_FACE('',(#2256,#2257),#89,.T.);
#3096=ADVANCED_FACE('',(#2258,#2259),#2432,.F.);
#3097=ADVANCED_FACE('',(#2260,#2261),#60,.T.);
#3098=ADVANCED_FACE('',(#2262,#2263),#90,.T.);
#3099=ADVANCED_FACE('',(#2264,#2265),#2433,.F.);
#3100=ADVANCED_FACE('',(#2266,#2267),#48,.T.);
#3101=ADVANCED_FACE('',(#2268,#2269),#91,.T.);
#3102=ADVANCED_FACE('',(#2270),#2434,.F.);
#3103=ADVANCED_FACE('',(#2271),#61,.T.);
#3104=ADVANCED_FACE('',(#2272),#62,.T.);
#3105=ADVANCED_FACE('',(#2273),#63,.T.);
#3106=ADVANCED_FACE('',(#2274),#64,.T.);
#3107=ADVANCED_FACE('',(#2275),#2435,.F.);
#3108=ADVANCED_FACE('',(#2276),#2436,.F.);
#3109=ADVANCED_FACE('',(#2277),#2437,.F.);
#3110=ADVANCED_FACE('',(#2278),#65,.T.);
#3111=ADVANCED_FACE('',(#2279),#92,.T.);
#3112=ADVANCED_FACE('',(#2280),#66,.T.);
#3113=ADVANCED_FACE('',(#2281,#2282),#93,.T.);
#3114=ADVANCED_FACE('',(#2283),#2438,.F.);
#3115=ADVANCED_FACE('',(#2284,#2285),#94,.T.);
#3116=ADVANCED_FACE('',(#2286,#2287),#2439,.F.);
#3117=ADVANCED_FACE('',(#2288,#2289),#95,.F.);
#3118=ADVANCED_FACE('',(#2290,#2291),#2440,.F.);
#3119=ADVANCED_FACE('',(#2292,#2293),#67,.T.);
#3120=ADVANCED_FACE('',(#2294),#2441,.F.);
#3121=ADVANCED_FACE('',(#2295,#2296,#2297),#2442,.F.);
#3122=ADVANCED_FACE('',(#2298),#96,.T.);
#3123=ADVANCED_FACE('',(#2299,#2300),#2443,.F.);
#3124=ADVANCED_FACE('',(#2301),#2444,.F.);
#3125=ADVANCED_FACE('',(#2302),#2445,.F.);
#3126=ADVANCED_FACE('',(#2303),#2446,.F.);
#3127=ADVANCED_FACE('',(#2304),#97,.T.);
#3128=ADVANCED_FACE('',(#2305,#2306),#2447,.F.);
#3129=ADVANCED_FACE('',(#2307),#98,.F.);
#3130=ADVANCED_FACE('',(#2308,#2309,#2310),#2448,.F.);
#3131=ADVANCED_FACE('',(#2311),#2449,.T.);
#3132=ADVANCED_FACE('',(#2312),#2450,.F.);
#3133=ADVANCED_FACE('',(#2313),#2451,.F.);
#3134=ADVANCED_FACE('',(#2314),#2452,.F.);
#3135=ADVANCED_FACE('',(#2315),#2453,.F.);
#3136=ADVANCED_FACE('',(#2316),#99,.F.);
#3137=ADVANCED_FACE('',(#2317),#2454,.F.);
#3138=ADVANCED_FACE('',(#2318),#100,.F.);
#3139=ADVANCED_FACE('',(#2319),#2455,.F.);
#3140=ADVANCED_FACE('',(#2320),#101,.F.);
#3141=ADVANCED_FACE('',(#2321),#2456,.F.);
#3142=ADVANCED_FACE('',(#2322),#102,.F.);
#3143=ADVANCED_FACE('',(#2323,#2324),#103,.F.);
#3144=ADVANCED_FACE('',(#2325),#2457,.F.);
#3145=ADVANCED_FACE('',(#2326),#2458,.F.);
#3146=ADVANCED_FACE('',(#2327),#104,.T.);
#3147=ADVANCED_FACE('',(#2328),#2459,.F.);
#3148=ADVANCED_FACE('',(#2329),#105,.T.);
#3149=ADVANCED_FACE('',(#2330),#2460,.F.);
#3150=ADVANCED_FACE('',(#2331),#68,.T.);
#3151=ADVANCED_FACE('',(#2332),#69,.T.);
#3152=ADVANCED_FACE('',(#2333),#70,.T.);
#3153=ADVANCED_FACE('',(#2334),#71,.T.);
#3154=ADVANCED_FACE('',(#2335),#72,.T.);
#3155=ADVANCED_FACE('',(#2336),#73,.T.);
#3156=ADVANCED_FACE('',(#2337),#74,.T.);
#3157=ADVANCED_FACE('',(#2338),#75,.T.);
#3158=ADVANCED_FACE('',(#2339),#76,.T.);
#3159=ADVANCED_FACE('',(#2340),#77,.T.);
#3160=ADVANCED_FACE('',(#2341,#2342),#106,.T.);
#3161=ADVANCED_FACE('',(#2343,#2344),#2461,.T.);
#3162=ADVANCED_FACE('',(#2345,#2346),#2462,.T.);
#3163=ADVANCED_FACE('',(#2347,#2348),#107,.F.);
#3164=ADVANCED_FACE('',(#2349),#2463,.T.);
#3165=ADVANCED_FACE('',(#2350),#108,.T.);
#3166=ADVANCED_FACE('',(#2351),#2464,.T.);
#3167=ADVANCED_FACE('',(#2352),#2465,.T.);
#3168=ADVANCED_FACE('',(#2353),#2466,.T.);
#3169=ADVANCED_FACE('',(#2354),#109,.T.);
#3170=ADVANCED_FACE('',(#2355),#2467,.T.);
#3171=ADVANCED_FACE('',(#2356),#2468,.T.);
#3172=ADVANCED_FACE('',(#2357),#2469,.T.);
#3173=ADVANCED_FACE('',(#2358),#110,.T.);
#3174=ADVANCED_FACE('',(#2359),#2470,.T.);
#3175=ADVANCED_FACE('',(#2360),#2471,.T.);
#3176=ADVANCED_FACE('',(#2361),#2472,.T.);
#3177=ADVANCED_FACE('',(#2362),#111,.T.);
#3178=ADVANCED_FACE('',(#2363),#2473,.T.);
#3179=ADVANCED_FACE('',(#2364),#2474,.T.);
#3180=ADVANCED_FACE('',(#2365),#2475,.T.);
#3181=ADVANCED_FACE('',(#2366),#112,.T.);
#3182=ADVANCED_FACE('',(#2367),#2476,.T.);
#3183=ADVANCED_FACE('',(#2368),#2477,.T.);
#3184=ADVANCED_FACE('',(#2369),#2478,.T.);
#3185=ADVANCED_FACE('',(#2370),#113,.T.);
#3186=ADVANCED_FACE('',(#2371),#2479,.T.);
#3187=ADVANCED_FACE('',(#2372),#2480,.T.);
#3188=ADVANCED_FACE('',(#2373),#2481,.T.);
#3189=ADVANCED_FACE('',(#2374),#114,.T.);
#3190=ADVANCED_FACE('',(#2375),#2482,.T.);
#3191=ADVANCED_FACE('',(#2376),#2483,.T.);
#3192=ADVANCED_FACE('',(#2377),#2484,.T.);
#3193=ADVANCED_FACE('',(#2378),#115,.T.);
#3194=ADVANCED_FACE('',(#2379),#2485,.T.);
#3195=ADVANCED_FACE('',(#2380),#2486,.T.);
#3196=ADVANCED_FACE('',(#2381),#2487,.T.);
#3197=ADVANCED_FACE('',(#2382),#116,.T.);
#3198=ADVANCED_FACE('',(#2383),#2488,.T.);
#3199=ADVANCED_FACE('',(#2384),#2489,.T.);
#3200=ADVANCED_FACE('',(#2385),#2490,.T.);
#3201=ADVANCED_FACE('',(#2386),#2491,.T.);
#3202=ADVANCED_FACE('',(#2387),#117,.T.);
#3203=ADVANCED_FACE('',(#2388),#2492,.T.);
#3204=ADVANCED_FACE('',(#2389),#2493,.F.);
#3205=ADVANCED_FACE('',(#2390,#2391),#49,.T.);
#3206=ADVANCED_FACE('',(#2392,#2393),#118,.T.);
#3207=ADVANCED_FACE('',(#2394,#2395),#2494,.F.);
#3208=ADVANCED_FACE('',(#2396,#2397),#119,.T.);
#3209=ADVANCED_FACE('',(#2398,#2399),#50,.T.);
#3210=ADVANCED_FACE('',(#2400,#2401),#2495,.F.);
#3211=ADVANCED_FACE('',(#2402),#2496,.F.);
#3212=ADVANCED_FACE('',(#2403),#2497,.F.);
#3213=ADVANCED_FACE('',(#2404),#2498,.F.);
#3214=ADVANCED_FACE('',(#2405),#2499,.F.);
#3215=ADVANCED_FACE('',(#2406),#2500,.F.);
#3216=ADVANCED_FACE('',(#2407,#2408),#78,.T.);
#3217=ADVANCED_FACE('',(#2409,#2410),#120,.T.);
#3218=ADVANCED_FACE('',(#2411,#2412),#18,.T.);
#3219=CLOSED_SHELL('',(#3058,#3059,#3060,#3061,#3062,#3063,#3064,#3065,
#3066,#3067,#3068,#3069,#3070,#3071,#3072,#3073,#3074,#3075,#3076,#3077,
#3078,#3079,#3080,#3081,#3082,#3083,#3084,#3085,#3086,#3087,#3088,#3089,
#3090,#3091,#3092,#3093,#3094,#3095,#3096,#3097,#3098,#3099,#3100,#3101,
#3102,#3103,#3104,#3105,#3106,#3107,#3108,#3109,#3110,#3111,#3112,#3113,
#3114,#3115,#3116,#3117,#3118,#3119));
#3220=CLOSED_SHELL('',(#3120,#3121,#3122,#3123,#3124,#3125,#3126,#3127,
#3128,#3129,#3130,#3131,#3132,#3133,#3134,#3135,#3136,#3137,#3138,#3139,
#3140,#3141,#3142,#3143,#3144,#3145,#3146,#3147,#3148,#3149));
#3221=CLOSED_SHELL('',(#3150,#3151,#3152,#3153,#3154,#3155,#3156,#3157,
#3158,#3159,#3160,#3161,#3162,#3163,#3164,#3165,#3166,#3167,#3168,#3169,
#3170,#3171,#3172,#3173,#3174,#3175,#3176,#3177,#3178,#3179,#3180,#3181,
#3182,#3183,#3184,#3185,#3186,#3187,#3188,#3189,#3190,#3191,#3192,#3193,
#3194,#3195,#3196,#3197,#3198,#3199,#3200,#3201,#3202,#3203));
#3222=CLOSED_SHELL('',(#3204,#3205,#3206,#3207,#3208,#3209,#3210,#3211,
#3212,#3213,#3214,#3215,#3216,#3217,#3218));
#3223=MANIFOLD_SOLID_BREP('AR2000_AR',#3219);
#3224=MANIFOLD_SOLID_BREP('AFR2000ar_bracket',#3220);
#3225=MANIFOLD_SOLID_BREP('AR2000ar_nut',#3221);
#3226=MANIFOLD_SOLID_BREP('01gauge',#3222);
#3227=SHAPE_DEFINITION_REPRESENTATION(#5281,#3232);
#3228=SHAPE_DEFINITION_REPRESENTATION(#5282,#3233);
#3229=SHAPE_DEFINITION_REPRESENTATION(#5284,#3234);
#3230=SHAPE_DEFINITION_REPRESENTATION(#5286,#3235);
#3231=SHAPE_DEFINITION_REPRESENTATION(#5288,#3236);
#3232=SHAPE_REPRESENTATION('AR2000GZ',(#3237,#3352,#3405,#3513,#3538),#5268);
#3233=SHAPE_REPRESENTATION('AR2000_AR',(#3237),#5269);
#3234=SHAPE_REPRESENTATION('AFR2000ar_bracket',(#3237),#5270);
#3235=SHAPE_REPRESENTATION('AR2000ar_nut',(#3237),#5271);
#3236=SHAPE_REPRESENTATION('01gauge',(#3237),#5272);
#3237=AXIS2_PLACEMENT_3D('',#4320,#3539,#3540);
#3238=AXIS2_PLACEMENT_3D('',#4321,#3541,#3542);
#3239=AXIS2_PLACEMENT_3D('',#4322,#3543,#3544);
#3240=AXIS2_PLACEMENT_3D('',#4339,#3550,#3551);
#3241=AXIS2_PLACEMENT_3D('',#4343,#3553,#3554);
#3242=AXIS2_PLACEMENT_3D('',#4357,#3559,#3560);
#3243=AXIS2_PLACEMENT_3D('',#4358,#3561,#3562);
#3244=AXIS2_PLACEMENT_3D('',#4360,#3564,#3565);
#3245=AXIS2_PLACEMENT_3D('',#4369,#3567,#3568);
#3246=AXIS2_PLACEMENT_3D('',#4377,#3573,#3574);
#3247=AXIS2_PLACEMENT_3D('',#4393,#3580,#3581);
#3248=AXIS2_PLACEMENT_3D('',#4394,#3582,#3583);
#3249=AXIS2_PLACEMENT_3D('',#4401,#3584,#3585);
#3250=AXIS2_PLACEMENT_3D('',#4402,#3586,#3587);
#3251=AXIS2_PLACEMENT_3D('',#4404,#3588,#3589);
#3252=AXIS2_PLACEMENT_3D('',#4405,#3590,#3591);
#3253=AXIS2_PLACEMENT_3D('',#4411,#3592,#3593);
#3254=AXIS2_PLACEMENT_3D('',#4421,#3594,#3595);
#3255=AXIS2_PLACEMENT_3D('',#4431,#3596,#3597);
#3256=AXIS2_PLACEMENT_3D('',#4432,#3598,#3599);
#3257=AXIS2_PLACEMENT_3D('',#4434,#3601,#3602);
#3258=AXIS2_PLACEMENT_3D('',#4436,#3604,#3605);
#3259=AXIS2_PLACEMENT_3D('',#4443,#3606,#3607);
#3260=AXIS2_PLACEMENT_3D('',#4444,#3608,#3609);
#3261=AXIS2_PLACEMENT_3D('',#4446,#3610,#3611);
#3262=AXIS2_PLACEMENT_3D('',#4447,#3612,#3613);
#3263=AXIS2_PLACEMENT_3D('',#4453,#3614,#3615);
#3264=AXIS2_PLACEMENT_3D('',#4454,#3616,#3617);
#3265=AXIS2_PLACEMENT_3D('',#4456,#3618,#3619);
#3266=AXIS2_PLACEMENT_3D('',#4468,#3620,#3621);
#3267=AXIS2_PLACEMENT_3D('',#4486,#3624,#3625);
#3268=AXIS2_PLACEMENT_3D('',#4500,#3627,#3628);
#3269=AXIS2_PLACEMENT_3D('',#4508,#3630,#3631);
#3270=AXIS2_PLACEMENT_3D('',#4519,#3632,#3633);
#3271=AXIS2_PLACEMENT_3D('',#4521,#3634,#3635);
#3272=AXIS2_PLACEMENT_3D('',#4523,#3637,#3638);
#3273=AXIS2_PLACEMENT_3D('',#4524,#3639,#3640);
#3274=AXIS2_PLACEMENT_3D('',#4527,#3642,#3643);
#3275=AXIS2_PLACEMENT_3D('',#4529,#3645,#3646);
#3276=AXIS2_PLACEMENT_3D('',#4530,#3647,#3648);
#3277=AXIS2_PLACEMENT_3D('',#4531,#3649,#3650);
#3278=AXIS2_PLACEMENT_3D('',#4552,#3651,#3652);
#3279=AXIS2_PLACEMENT_3D('',#4553,#3653,#3654);
#3280=AXIS2_PLACEMENT_3D('',#4554,#3655,#3656);
#3281=AXIS2_PLACEMENT_3D('',#4556,#3657,#3658);
#3282=AXIS2_PLACEMENT_3D('',#4558,#3659,#3660);
#3283=AXIS2_PLACEMENT_3D('',#4559,#3661,#3662);
#3284=AXIS2_PLACEMENT_3D('',#4561,#3663,#3664);
#3285=AXIS2_PLACEMENT_3D('',#4562,#3665,#3666);
#3286=AXIS2_PLACEMENT_3D('',#4563,#3667,#3668);
#3287=AXIS2_PLACEMENT_3D('',#4564,#3669,#3670);
#3288=AXIS2_PLACEMENT_3D('',#4566,#3671,#3672);
#3289=AXIS2_PLACEMENT_3D('',#4568,#3673,#3674);
#3290=AXIS2_PLACEMENT_3D('',#4569,#3675,#3676);
#3291=AXIS2_PLACEMENT_3D('',#4571,#3677,#3678);
#3292=AXIS2_PLACEMENT_3D('',#4572,#3679,#3680);
#3293=AXIS2_PLACEMENT_3D('',#4573,#3681,#3682);
#3294=AXIS2_PLACEMENT_3D('',#4574,#3683,#3684);
#3295=AXIS2_PLACEMENT_3D('',#4576,#3685,#3686);
#3296=AXIS2_PLACEMENT_3D('',#4577,#3687,#3688);
#3297=AXIS2_PLACEMENT_3D('',#4579,#3689,#3690);
#3298=AXIS2_PLACEMENT_3D('',#4580,#3691,#3692);
#3299=AXIS2_PLACEMENT_3D('',#4582,#3693,#3694);
#3300=AXIS2_PLACEMENT_3D('',#4583,#3695,#3696);
#3301=AXIS2_PLACEMENT_3D('',#4585,#3697,#3698);
#3302=AXIS2_PLACEMENT_3D('',#4586,#3699,#3700);
#3303=AXIS2_PLACEMENT_3D('',#4588,#3701,#3702);
#3304=AXIS2_PLACEMENT_3D('',#4589,#3703,#3704);
#3305=AXIS2_PLACEMENT_3D('',#4591,#3705,#3706);
#3306=AXIS2_PLACEMENT_3D('',#4592,#3707,#3708);
#3307=AXIS2_PLACEMENT_3D('',#4594,#3709,#3710);
#3308=AXIS2_PLACEMENT_3D('',#4595,#3711,#3712);
#3309=AXIS2_PLACEMENT_3D('',#4597,#3713,#3714);
#3310=AXIS2_PLACEMENT_3D('',#4598,#3715,#3716);
#3311=AXIS2_PLACEMENT_3D('',#4600,#3717,#3718);
#3312=AXIS2_PLACEMENT_3D('',#4601,#3719,#3720);
#3313=AXIS2_PLACEMENT_3D('',#4603,#3721,#3722);
#3314=AXIS2_PLACEMENT_3D('',#4604,#3723,#3724);
#3315=AXIS2_PLACEMENT_3D('',#4606,#3725,#3726);
#3316=AXIS2_PLACEMENT_3D('',#4607,#3727,#3728);
#3317=AXIS2_PLACEMENT_3D('',#4609,#3729,#3730);
#3318=AXIS2_PLACEMENT_3D('',#4610,#3731,#3732);
#3319=AXIS2_PLACEMENT_3D('',#4612,#3733,#3734);
#3320=AXIS2_PLACEMENT_3D('',#4613,#3735,#3736);
#3321=AXIS2_PLACEMENT_3D('',#4614,#3737,#3738);
#3322=AXIS2_PLACEMENT_3D('',#4615,#3739,#3740);
#3323=AXIS2_PLACEMENT_3D('',#4616,#3741,#3742);
#3324=AXIS2_PLACEMENT_3D('',#4617,#3743,#3744);
#3325=AXIS2_PLACEMENT_3D('',#4618,#3745,#3746);
#3326=AXIS2_PLACEMENT_3D('',#4619,#3747,#3748);
#3327=AXIS2_PLACEMENT_3D('',#4620,#3749,#3750);
#3328=AXIS2_PLACEMENT_3D('',#4621,#3751,#3752);
#3329=AXIS2_PLACEMENT_3D('',#4622,#3753,#3754);
#3330=AXIS2_PLACEMENT_3D('',#4623,#3755,#3756);
#3331=AXIS2_PLACEMENT_3D('',#4624,#3757,#3758);
#3332=AXIS2_PLACEMENT_3D('',#4625,#3759,#3760);
#3333=AXIS2_PLACEMENT_3D('',#4626,#3761,#3762);
#3334=AXIS2_PLACEMENT_3D('',#4627,#3763,#3764);
#3335=AXIS2_PLACEMENT_3D('',#4628,#3765,#3766);
#3336=AXIS2_PLACEMENT_3D('',#4629,#3767,#3768);
#3337=AXIS2_PLACEMENT_3D('',#4630,#3769,#3770);
#3338=AXIS2_PLACEMENT_3D('',#4631,#3771,#3772);
#3339=AXIS2_PLACEMENT_3D('',#4632,#3773,#3774);
#3340=AXIS2_PLACEMENT_3D('',#4633,#3775,#3776);
#3341=AXIS2_PLACEMENT_3D('',#4635,#3777,#3778);
#3342=AXIS2_PLACEMENT_3D('',#4636,#3779,#3780);
#3343=AXIS2_PLACEMENT_3D('',#4638,#3781,#3782);
#3344=AXIS2_PLACEMENT_3D('',#4639,#3783,#3784);
#3345=AXIS2_PLACEMENT_3D('',#4641,#3785,#3786);
#3346=AXIS2_PLACEMENT_3D('',#4642,#3787,#3788);
#3347=AXIS2_PLACEMENT_3D('',#4644,#3789,#3790);
#3348=AXIS2_PLACEMENT_3D('',#4645,#3791,#3792);
#3349=AXIS2_PLACEMENT_3D('',#4647,#3793,#3794);
#3350=AXIS2_PLACEMENT_3D('',#4648,#3795,#3796);
#3351=AXIS2_PLACEMENT_3D('',#4650,#3797,#3798);
#3352=AXIS2_PLACEMENT_3D('',#4651,#3799,#3800);
#3353=AXIS2_PLACEMENT_3D('',#4652,#3801,#3802);
#3354=AXIS2_PLACEMENT_3D('',#4661,#3807,#3808);
#3355=AXIS2_PLACEMENT_3D('',#4662,#3809,#3810);
#3356=AXIS2_PLACEMENT_3D('',#4667,#3812,#3813);
#3357=AXIS2_PLACEMENT_3D('',#4670,#3815,#3816);
#3358=AXIS2_PLACEMENT_3D('',#4675,#3818,#3819);
#3359=AXIS2_PLACEMENT_3D('',#4687,#3826,#3827);
#3360=AXIS2_PLACEMENT_3D('',#4688,#3828,#3829);
#3361=AXIS2_PLACEMENT_3D('',#4690,#3830,#3831);
#3362=AXIS2_PLACEMENT_3D('',#4694,#3833,#3834);
#3363=AXIS2_PLACEMENT_3D('',#4696,#3835,#3836);
#3364=AXIS2_PLACEMENT_3D('',#4697,#3837,#3838);
#3365=AXIS2_PLACEMENT_3D('',#4698,#3839,#3840);
#3366=AXIS2_PLACEMENT_3D('',#4702,#3842,#3843);
#3367=AXIS2_PLACEMENT_3D('',#4710,#3847,#3848);
#3368=AXIS2_PLACEMENT_3D('',#4713,#3850,#3851);
#3369=AXIS2_PLACEMENT_3D('',#4719,#3855,#3856);
#3370=AXIS2_PLACEMENT_3D('',#4725,#3860,#3861);
#3371=AXIS2_PLACEMENT_3D('',#4731,#3865,#3866);
#3372=AXIS2_PLACEMENT_3D('',#4732,#3867,#3868);
#3373=AXIS2_PLACEMENT_3D('',#4736,#3870,#3871);
#3374=AXIS2_PLACEMENT_3D('',#4737,#3872,#3873);
#3375=AXIS2_PLACEMENT_3D('',#4738,#3874,#3875);
#3376=AXIS2_PLACEMENT_3D('',#4740,#3876,#3877);
#3377=AXIS2_PLACEMENT_3D('',#4749,#3881,#3882);
#3378=AXIS2_PLACEMENT_3D('',#4753,#3885,#3886);
#3379=AXIS2_PLACEMENT_3D('',#4754,#3887,#3888);
#3380=AXIS2_PLACEMENT_3D('',#4758,#3890,#3891);
#3381=AXIS2_PLACEMENT_3D('',#4759,#3892,#3893);
#3382=AXIS2_PLACEMENT_3D('',#4760,#3894,#3895);
#3383=AXIS2_PLACEMENT_3D('',#4765,#3897,#3898);
#3384=AXIS2_PLACEMENT_3D('',#4768,#3900,#3901);
#3385=AXIS2_PLACEMENT_3D('',#4773,#3903,#3904);
#3386=AXIS2_PLACEMENT_3D('',#4782,#3910,#3911);
#3387=AXIS2_PLACEMENT_3D('',#4785,#3914,#3915);
#3388=AXIS2_PLACEMENT_3D('',#4788,#3918,#3919);
#3389=AXIS2_PLACEMENT_3D('',#4789,#3920,#3921);
#3390=AXIS2_PLACEMENT_3D('',#4790,#3922,#3923);
#3391=AXIS2_PLACEMENT_3D('',#4793,#3926,#3927);
#3392=AXIS2_PLACEMENT_3D('',#4795,#3929,#3930);
#3393=AXIS2_PLACEMENT_3D('',#4797,#3932,#3933);
#3394=AXIS2_PLACEMENT_3D('',#4798,#3934,#3935);
#3395=AXIS2_PLACEMENT_3D('',#4801,#3938,#3939);
#3396=AXIS2_PLACEMENT_3D('',#4803,#3941,#3942);
#3397=AXIS2_PLACEMENT_3D('',#4805,#3944,#3945);
#3398=AXIS2_PLACEMENT_3D('',#4806,#3946,#3947);
#3399=AXIS2_PLACEMENT_3D('',#4807,#3948,#3949);
#3400=AXIS2_PLACEMENT_3D('',#4809,#3951,#3952);
#3401=AXIS2_PLACEMENT_3D('',#4811,#3954,#3955);
#3402=AXIS2_PLACEMENT_3D('',#4812,#3956,#3957);
#3403=AXIS2_PLACEMENT_3D('',#4814,#3959,#3960);
#3404=AXIS2_PLACEMENT_3D('',#4816,#3962,#3963);
#3405=AXIS2_PLACEMENT_3D('',#4817,#3964,#3965);
#3406=AXIS2_PLACEMENT_3D('',#4818,#3966,#3967);
#3407=AXIS2_PLACEMENT_3D('',#4819,#3968,#3969);
#3408=AXIS2_PLACEMENT_3D('',#4827,#3970,#3971);
#3409=AXIS2_PLACEMENT_3D('',#4833,#3972,#3973);
#3410=AXIS2_PLACEMENT_3D('',#4834,#3974,#3975);
#3411=AXIS2_PLACEMENT_3D('',#4842,#3976,#3977);
#3412=AXIS2_PLACEMENT_3D('',#4848,#3978,#3979);
#3413=AXIS2_PLACEMENT_3D('',#4849,#3980,#3981);
#3414=AXIS2_PLACEMENT_3D('',#4857,#3982,#3983);
#3415=AXIS2_PLACEMENT_3D('',#4863,#3984,#3985);
#3416=AXIS2_PLACEMENT_3D('',#4864,#3986,#3987);
#3417=AXIS2_PLACEMENT_3D('',#4872,#3988,#3989);
#3418=AXIS2_PLACEMENT_3D('',#4878,#3990,#3991);
#3419=AXIS2_PLACEMENT_3D('',#4879,#3992,#3993);
#3420=AXIS2_PLACEMENT_3D('',#4887,#3994,#3995);
#3421=AXIS2_PLACEMENT_3D('',#4893,#3996,#3997);
#3422=AXIS2_PLACEMENT_3D('',#4894,#3998,#3999);
#3423=AXIS2_PLACEMENT_3D('',#4902,#4000,#4001);
#3424=AXIS2_PLACEMENT_3D('',#4908,#4002,#4003);
#3425=AXIS2_PLACEMENT_3D('',#4909,#4004,#4005);
#3426=AXIS2_PLACEMENT_3D('',#4917,#4006,#4007);
#3427=AXIS2_PLACEMENT_3D('',#4923,#4008,#4009);
#3428=AXIS2_PLACEMENT_3D('',#4924,#4010,#4011);
#3429=AXIS2_PLACEMENT_3D('',#4932,#4012,#4013);
#3430=AXIS2_PLACEMENT_3D('',#4938,#4014,#4015);
#3431=AXIS2_PLACEMENT_3D('',#4939,#4016,#4017);
#3432=AXIS2_PLACEMENT_3D('',#4947,#4018,#4019);
#3433=AXIS2_PLACEMENT_3D('',#4953,#4020,#4021);
#3434=AXIS2_PLACEMENT_3D('',#4954,#4022,#4023);
#3435=AXIS2_PLACEMENT_3D('',#4962,#4024,#4025);
#3436=AXIS2_PLACEMENT_3D('',#4968,#4026,#4027);
#3437=AXIS2_PLACEMENT_3D('',#4969,#4028,#4029);
#3438=AXIS2_PLACEMENT_3D('',#4971,#4030,#4031);
#3439=AXIS2_PLACEMENT_3D('',#4977,#4034,#4035);
#3440=AXIS2_PLACEMENT_3D('',#4982,#4038,#4039);
#3441=AXIS2_PLACEMENT_3D('',#4987,#4042,#4043);
#3442=AXIS2_PLACEMENT_3D('',#4992,#4046,#4047);
#3443=AXIS2_PLACEMENT_3D('',#4997,#4050,#4051);
#3444=AXIS2_PLACEMENT_3D('',#5002,#4054,#4055);
#3445=AXIS2_PLACEMENT_3D('',#5007,#4058,#4059);
#3446=AXIS2_PLACEMENT_3D('',#5012,#4062,#4063);
#3447=AXIS2_PLACEMENT_3D('',#5017,#4066,#4067);
#3448=AXIS2_PLACEMENT_3D('',#5021,#4070,#4071);
#3449=AXIS2_PLACEMENT_3D('',#5026,#4074,#4075);
#3450=AXIS2_PLACEMENT_3D('',#5031,#4078,#4079);
#3451=AXIS2_PLACEMENT_3D('',#5036,#4082,#4083);
#3452=AXIS2_PLACEMENT_3D('',#5041,#4086,#4087);
#3453=AXIS2_PLACEMENT_3D('',#5046,#4090,#4091);
#3454=AXIS2_PLACEMENT_3D('',#5051,#4094,#4095);
#3455=AXIS2_PLACEMENT_3D('',#5056,#4098,#4099);
#3456=AXIS2_PLACEMENT_3D('',#5061,#4102,#4103);
#3457=AXIS2_PLACEMENT_3D('',#5066,#4106,#4107);
#3458=AXIS2_PLACEMENT_3D('',#5071,#4110,#4111);
#3459=AXIS2_PLACEMENT_3D('',#5072,#4112,#4113);
#3460=AXIS2_PLACEMENT_3D('',#5074,#4114,#4115);
#3461=AXIS2_PLACEMENT_3D('',#5075,#4116,#4117);
#3462=AXIS2_PLACEMENT_3D('',#5077,#4118,#4119);
#3463=AXIS2_PLACEMENT_3D('',#5078,#4120,#4121);
#3464=AXIS2_PLACEMENT_3D('',#5082,#4124,#4125);
#3465=AXIS2_PLACEMENT_3D('',#5083,#4126,#4127);
#3466=AXIS2_PLACEMENT_3D('',#5086,#4129,#4130);
#3467=AXIS2_PLACEMENT_3D('',#5088,#4132,#4133);
#3468=AXIS2_PLACEMENT_3D('',#5089,#4134,#4135);
#3469=AXIS2_PLACEMENT_3D('',#5093,#4138,#4139);
#3470=AXIS2_PLACEMENT_3D('',#5094,#4140,#4141);
#3471=AXIS2_PLACEMENT_3D('',#5097,#4143,#4144);
#3472=AXIS2_PLACEMENT_3D('',#5099,#4146,#4147);
#3473=AXIS2_PLACEMENT_3D('',#5100,#4148,#4149);
#3474=AXIS2_PLACEMENT_3D('',#5104,#4152,#4153);
#3475=AXIS2_PLACEMENT_3D('',#5105,#4154,#4155);
#3476=AXIS2_PLACEMENT_3D('',#5108,#4157,#4158);
#3477=AXIS2_PLACEMENT_3D('',#5110,#4160,#4161);
#3478=AXIS2_PLACEMENT_3D('',#5111,#4162,#4163);
#3479=AXIS2_PLACEMENT_3D('',#5115,#4166,#4167);
#3480=AXIS2_PLACEMENT_3D('',#5116,#4168,#4169);
#3481=AXIS2_PLACEMENT_3D('',#5119,#4171,#4172);
#3482=AXIS2_PLACEMENT_3D('',#5121,#4174,#4175);
#3483=AXIS2_PLACEMENT_3D('',#5122,#4176,#4177);
#3484=AXIS2_PLACEMENT_3D('',#5126,#4180,#4181);
#3485=AXIS2_PLACEMENT_3D('',#5127,#4182,#4183);
#3486=AXIS2_PLACEMENT_3D('',#5130,#4185,#4186);
#3487=AXIS2_PLACEMENT_3D('',#5132,#4188,#4189);
#3488=AXIS2_PLACEMENT_3D('',#5133,#4190,#4191);
#3489=AXIS2_PLACEMENT_3D('',#5137,#4194,#4195);
#3490=AXIS2_PLACEMENT_3D('',#5138,#4196,#4197);
#3491=AXIS2_PLACEMENT_3D('',#5141,#4199,#4200);
#3492=AXIS2_PLACEMENT_3D('',#5143,#4202,#4203);
#3493=AXIS2_PLACEMENT_3D('',#5144,#4204,#4205);
#3494=AXIS2_PLACEMENT_3D('',#5148,#4208,#4209);
#3495=AXIS2_PLACEMENT_3D('',#5149,#4210,#4211);
#3496=AXIS2_PLACEMENT_3D('',#5152,#4213,#4214);
#3497=AXIS2_PLACEMENT_3D('',#5154,#4216,#4217);
#3498=AXIS2_PLACEMENT_3D('',#5155,#4218,#4219);
#3499=AXIS2_PLACEMENT_3D('',#5159,#4222,#4223);
#3500=AXIS2_PLACEMENT_3D('',#5160,#4224,#4225);
#3501=AXIS2_PLACEMENT_3D('',#5163,#4227,#4228);
#3502=AXIS2_PLACEMENT_3D('',#5165,#4230,#4231);
#3503=AXIS2_PLACEMENT_3D('',#5166,#4232,#4233);
#3504=AXIS2_PLACEMENT_3D('',#5170,#4236,#4237);
#3505=AXIS2_PLACEMENT_3D('',#5171,#4238,#4239);
#3506=AXIS2_PLACEMENT_3D('',#5174,#4241,#4242);
#3507=AXIS2_PLACEMENT_3D('',#5176,#4244,#4245);
#3508=AXIS2_PLACEMENT_3D('',#5177,#4246,#4247);
#3509=AXIS2_PLACEMENT_3D('',#5180,#4249,#4250);
#3510=AXIS2_PLACEMENT_3D('',#5183,#4252,#4253);
#3511=AXIS2_PLACEMENT_3D('',#5185,#4255,#4256);
#3512=AXIS2_PLACEMENT_3D('',#5187,#4258,#4259);
#3513=AXIS2_PLACEMENT_3D('',#5188,#4260,#4261);
#3514=AXIS2_PLACEMENT_3D('',#5189,#4262,#4263);
#3515=AXIS2_PLACEMENT_3D('',#5190,#4264,#4265);
#3516=AXIS2_PLACEMENT_3D('',#5192,#4266,#4267);
#3517=AXIS2_PLACEMENT_3D('',#5193,#4268,#4269);
#3518=AXIS2_PLACEMENT_3D('',#5195,#4270,#4271);
#3519=AXIS2_PLACEMENT_3D('',#5196,#4272,#4273);
#3520=AXIS2_PLACEMENT_3D('',#5198,#4274,#4275);
#3521=AXIS2_PLACEMENT_3D('',#5199,#4276,#4277);
#3522=AXIS2_PLACEMENT_3D('',#5201,#4278,#4279);
#3523=AXIS2_PLACEMENT_3D('',#5202,#4280,#4281);
#3524=AXIS2_PLACEMENT_3D('',#5204,#4282,#4283);
#3525=AXIS2_PLACEMENT_3D('',#5205,#4284,#4285);
#3526=AXIS2_PLACEMENT_3D('',#5207,#4286,#4287);
#3527=AXIS2_PLACEMENT_3D('',#5216,#4292,#4293);
#3528=AXIS2_PLACEMENT_3D('',#5228,#4296,#4297);
#3529=AXIS2_PLACEMENT_3D('',#5238,#4299,#4300);
#3530=AXIS2_PLACEMENT_3D('',#5248,#4302,#4303);
#3531=AXIS2_PLACEMENT_3D('',#5256,#4304,#4305);
#3532=AXIS2_PLACEMENT_3D('',#5257,#4306,#4307);
#3533=AXIS2_PLACEMENT_3D('',#5259,#4308,#4309);
#3534=AXIS2_PLACEMENT_3D('',#5260,#4310,#4311);
#3535=AXIS2_PLACEMENT_3D('',#5262,#4312,#4313);
#3536=AXIS2_PLACEMENT_3D('',#5263,#4314,#4315);
#3537=AXIS2_PLACEMENT_3D('',#5265,#4316,#4317);
#3538=AXIS2_PLACEMENT_3D('',#5266,#4318,#4319);
#3539=DIRECTION('',(0.,0.,1.));
#3540=DIRECTION('',(1.,0.,0.));
#3541=DIRECTION('',(1.,0.,0.));
#3542=DIRECTION('',(0.,0.,-1.));
#3543=DIRECTION('',(1.,0.,0.));
#3544=DIRECTION('',(0.,0.,-1.));
#3545=DIRECTION('',(0.,0.,1.));
#3546=DIRECTION('',(0.,1.,0.));
#3547=DIRECTION('',(0.,0.,1.));
#3548=DIRECTION('',(0.,-1.,0.));
#3549=DIRECTION('',(0.,0.,-1.));
#3550=DIRECTION('',(1.,0.,0.));
#3551=DIRECTION('',(0.,0.,-1.));
#3552=DIRECTION('',(0.,0.,1.));
#3553=DIRECTION('',(1.,0.,0.));
#3554=DIRECTION('',(0.,0.,-1.));
#3555=DIRECTION('',(0.,0.,-1.));
#3556=DIRECTION('',(0.,-1.,0.));
#3557=DIRECTION('',(0.,0.,1.));
#3558=DIRECTION('',(0.,1.,0.));
#3559=DIRECTION('',(0.,-1.,0.));
#3560=DIRECTION('',(0.,0.,-1.));
#3561=DIRECTION('',(0.,-1.,0.));
#3562=DIRECTION('',(0.,0.,-1.));
#3563=DIRECTION('',(-1.,0.,0.));
#3564=DIRECTION('',(1.,0.,0.));
#3565=DIRECTION('',(0.,0.,-1.));
#3566=DIRECTION('',(0.,0.,1.));
#3567=DIRECTION('',(1.,0.,0.));
#3568=DIRECTION('',(0.,0.,-1.));
#3569=DIRECTION('',(0.,0.,-1.));
#3570=DIRECTION('',(0.,1.,0.));
#3571=DIRECTION('',(0.,0.,1.));
#3572=DIRECTION('',(0.,1.,0.));
#3573=DIRECTION('',(1.,0.,0.));
#3574=DIRECTION('',(0.,0.,-1.));
#3575=DIRECTION('',(0.,0.,1.));
#3576=DIRECTION('',(0.,1.,0.));
#3577=DIRECTION('',(0.,0.,1.));
#3578=DIRECTION('',(0.,1.,0.));
#3579=DIRECTION('',(0.,0.,-1.));
#3580=DIRECTION('',(1.,0.,0.));
#3581=DIRECTION('',(0.,0.,-1.));
#3582=DIRECTION('',(0.,0.,-1.));
#3583=DIRECTION('',(-1.,0.,0.));
#3584=DIRECTION('',(0.,0.,-1.));
#3585=DIRECTION('',(-1.,0.,0.));
#3586=DIRECTION('',(0.,0.,-1.));
#3587=DIRECTION('',(-1.,0.,0.));
#3588=DIRECTION('',(0.,0.,1.));
#3589=DIRECTION('',(1.,0.,0.));
#3590=DIRECTION('',(0.,0.,-1.));
#3591=DIRECTION('',(-1.,0.,0.));
#3592=DIRECTION('',(0.,0.,-1.));
#3593=DIRECTION('',(-1.,0.,0.));
#3594=DIRECTION('',(0.,0.,-1.));
#3595=DIRECTION('',(-1.,0.,0.));
#3596=DIRECTION('',(0.,0.,-1.));
#3597=DIRECTION('',(-1.,0.,0.));
#3598=DIRECTION('',(0.,0.,1.));
#3599=DIRECTION('',(1.,0.,0.));
#3600=DIRECTION('',(0.,1.,0.));
#3601=DIRECTION('',(0.,0.,1.));
#3602=DIRECTION('',(1.,0.,0.));
#3603=DIRECTION('',(0.,1.,0.));
#3604=DIRECTION('',(0.,0.,-1.));
#3605=DIRECTION('',(-1.,0.,0.));
#3606=DIRECTION('',(0.,0.,-1.));
#3607=DIRECTION('',(-1.,0.,0.));
#3608=DIRECTION('',(0.,0.,-1.));
#3609=DIRECTION('',(-1.,0.,0.));
#3610=DIRECTION('',(0.,0.,-1.));
#3611=DIRECTION('',(-1.,0.,0.));
#3612=DIRECTION('',(0.,0.,-1.));
#3613=DIRECTION('',(-1.,0.,0.));
#3614=DIRECTION('',(1.,0.,0.));
#3615=DIRECTION('',(0.,0.,-1.));
#3616=DIRECTION('',(1.,0.,0.));
#3617=DIRECTION('',(0.,0.,-1.));
#3618=DIRECTION('',(1.,0.,0.));
#3619=DIRECTION('',(0.,0.,-1.));
#3620=DIRECTION('',(1.,0.,0.));
#3621=DIRECTION('',(0.,0.,-1.));
#3622=DIRECTION('',(1.,0.,0.));
#3623=DIRECTION('',(1.,0.,0.));
#3624=DIRECTION('',(1.,0.,0.));
#3625=DIRECTION('',(0.,0.,-1.));
#3626=DIRECTION('',(1.,0.,0.));
#3627=DIRECTION('',(1.,0.,0.));
#3628=DIRECTION('',(0.,0.,-1.));
#3629=DIRECTION('',(1.,0.,0.));
#3630=DIRECTION('',(-1.,0.,0.));
#3631=DIRECTION('',(0.,0.,1.));
#3632=DIRECTION('',(1.,0.,0.));
#3633=DIRECTION('',(0.,0.,-1.));
#3634=DIRECTION('',(0.,0.,-1.));
#3635=DIRECTION('',(-1.,0.,0.));
#3636=DIRECTION('',(-1.,0.,0.));
#3637=DIRECTION('',(0.,1.,0.));
#3638=DIRECTION('',(0.,0.,1.));
#3639=DIRECTION('',(0.,1.,0.));
#3640=DIRECTION('',(0.,0.,1.));
#3641=DIRECTION('',(-1.,0.,0.));
#3642=DIRECTION('',(0.,0.,1.));
#3643=DIRECTION('',(1.,0.,0.));
#3644=DIRECTION('',(-1.,0.,0.));
#3645=DIRECTION('',(0.,-1.,0.));
#3646=DIRECTION('',(0.,0.,-1.));
#3647=DIRECTION('',(0.,-1.,0.));
#3648=DIRECTION('',(0.,0.,-1.));
#3649=DIRECTION('',(0.,0.,-1.));
#3650=DIRECTION('',(-1.,0.,0.));
#3651=DIRECTION('',(1.,0.,0.));
#3652=DIRECTION('',(0.,0.,-1.));
#3653=DIRECTION('',(-1.,0.,0.));
#3654=DIRECTION('',(0.,0.,1.));
#3655=DIRECTION('',(1.,0.,0.));
#3656=DIRECTION('',(0.,0.,-1.));
#3657=DIRECTION('',(1.,0.,0.));
#3658=DIRECTION('',(0.,0.,-1.));
#3659=DIRECTION('',(1.,0.,0.));
#3660=DIRECTION('',(0.,0.,-1.));
#3661=DIRECTION('',(1.,0.,0.));
#3662=DIRECTION('',(0.,0.,-1.));
#3663=DIRECTION('',(-1.,0.,0.));
#3664=DIRECTION('',(0.,0.,1.));
#3665=DIRECTION('',(1.,0.,0.));
#3666=DIRECTION('',(0.,0.,-1.));
#3667=DIRECTION('',(1.,0.,0.));
#3668=DIRECTION('',(0.,0.,-1.));
#3669=DIRECTION('',(1.,0.,0.));
#3670=DIRECTION('',(0.,0.,-1.));
#3671=DIRECTION('',(1.,0.,0.));
#3672=DIRECTION('',(0.,0.,-1.));
#3673=DIRECTION('',(1.,0.,0.));
#3674=DIRECTION('',(0.,0.,-1.));
#3675=DIRECTION('',(1.,0.,0.));
#3676=DIRECTION('',(0.,0.,-1.));
#3677=DIRECTION('',(1.,0.,0.));
#3678=DIRECTION('',(0.,0.,-1.));
#3679=DIRECTION('',(1.,0.,0.));
#3680=DIRECTION('',(0.,0.,-1.));
#3681=DIRECTION('',(0.,-1.,0.));
#3682=DIRECTION('',(0.,0.,-1.));
#3683=DIRECTION('',(0.,1.,0.));
#3684=DIRECTION('',(0.,0.,1.));
#3685=DIRECTION('',(0.,1.,0.));
#3686=DIRECTION('',(0.,0.,1.));
#3687=DIRECTION('',(0.,1.,0.));
#3688=DIRECTION('',(0.,0.,1.));
#3689=DIRECTION('',(0.,1.,0.));
#3690=DIRECTION('',(0.,0.,1.));
#3691=DIRECTION('',(0.,1.,0.));
#3692=DIRECTION('',(0.,0.,1.));
#3693=DIRECTION('',(0.,-1.,0.));
#3694=DIRECTION('',(0.,0.,-1.));
#3695=DIRECTION('',(0.,1.,0.));
#3696=DIRECTION('',(0.,0.,1.));
#3697=DIRECTION('',(0.,-1.,0.));
#3698=DIRECTION('',(0.,0.,-1.));
#3699=DIRECTION('',(0.,1.,0.));
#3700=DIRECTION('',(0.,0.,1.));
#3701=DIRECTION('',(0.,1.,0.));
#3702=DIRECTION('',(0.,0.,1.));
#3703=DIRECTION('',(0.,1.,0.));
#3704=DIRECTION('',(0.,0.,1.));
#3705=DIRECTION('',(0.,1.,0.));
#3706=DIRECTION('',(0.,0.,1.));
#3707=DIRECTION('',(0.,1.,0.));
#3708=DIRECTION('',(0.,0.,1.));
#3709=DIRECTION('',(0.,1.,0.));
#3710=DIRECTION('',(0.,0.,1.));
#3711=DIRECTION('',(0.,1.,0.));
#3712=DIRECTION('',(0.,0.,1.));
#3713=DIRECTION('',(0.,-1.,0.));
#3714=DIRECTION('',(0.,0.,-1.));
#3715=DIRECTION('',(0.,1.,0.));
#3716=DIRECTION('',(0.,0.,1.));
#3717=DIRECTION('',(0.,-1.,0.));
#3718=DIRECTION('',(0.,0.,-1.));
#3719=DIRECTION('',(0.,1.,0.));
#3720=DIRECTION('',(0.,0.,1.));
#3721=DIRECTION('',(0.,1.,0.));
#3722=DIRECTION('',(0.,0.,1.));
#3723=DIRECTION('',(0.,1.,0.));
#3724=DIRECTION('',(0.,0.,1.));
#3725=DIRECTION('',(0.,-1.,0.));
#3726=DIRECTION('',(0.,0.,-1.));
#3727=DIRECTION('',(0.,1.,0.));
#3728=DIRECTION('',(0.,0.,1.));
#3729=DIRECTION('',(0.,1.,0.));
#3730=DIRECTION('',(0.,0.,1.));
#3731=DIRECTION('',(0.,1.,0.));
#3732=DIRECTION('',(0.,0.,1.));
#3733=DIRECTION('',(0.,1.,0.));
#3734=DIRECTION('',(0.,0.,1.));
#3735=DIRECTION('',(0.,1.,0.));
#3736=DIRECTION('',(0.,0.,1.));
#3737=DIRECTION('',(0.,1.,0.));
#3738=DIRECTION('',(0.,0.,1.));
#3739=DIRECTION('',(0.,1.,0.));
#3740=DIRECTION('',(0.,0.,1.));
#3741=DIRECTION('',(0.,1.,0.));
#3742=DIRECTION('',(0.,0.,1.));
#3743=DIRECTION('',(0.,1.,0.));
#3744=DIRECTION('',(0.,0.,1.));
#3745=DIRECTION('',(0.,1.,0.));
#3746=DIRECTION('',(0.,0.,1.));
#3747=DIRECTION('',(0.,1.,0.));
#3748=DIRECTION('',(0.,0.,1.));
#3749=DIRECTION('',(0.,1.,0.));
#3750=DIRECTION('',(0.,0.,1.));
#3751=DIRECTION('',(0.,1.,0.));
#3752=DIRECTION('',(0.,0.,1.));
#3753=DIRECTION('',(0.,1.,0.));
#3754=DIRECTION('',(0.,0.,1.));
#3755=DIRECTION('',(0.,1.,0.));
#3756=DIRECTION('',(0.,0.,1.));
#3757=DIRECTION('',(0.,1.,0.));
#3758=DIRECTION('',(0.,0.,1.));
#3759=DIRECTION('',(0.,1.,0.));
#3760=DIRECTION('',(0.,0.,1.));
#3761=DIRECTION('',(0.,1.,0.));
#3762=DIRECTION('',(0.,0.,1.));
#3763=DIRECTION('',(0.,1.,0.));
#3764=DIRECTION('',(0.,0.,1.));
#3765=DIRECTION('',(0.,1.,0.));
#3766=DIRECTION('',(0.,0.,1.));
#3767=DIRECTION('',(0.,1.,0.));
#3768=DIRECTION('',(0.,0.,1.));
#3769=DIRECTION('',(0.,1.,0.));
#3770=DIRECTION('',(0.,0.,1.));
#3771=DIRECTION('',(0.,1.,0.));
#3772=DIRECTION('',(0.,0.,1.));
#3773=DIRECTION('',(0.,1.,0.));
#3774=DIRECTION('',(0.,0.,1.));
#3775=DIRECTION('',(0.,1.,0.));
#3776=DIRECTION('',(0.,0.,1.));
#3777=DIRECTION('',(0.,1.,0.));
#3778=DIRECTION('',(0.,0.,1.));
#3779=DIRECTION('',(0.,1.,0.));
#3780=DIRECTION('',(0.,0.,1.));
#3781=DIRECTION('',(0.,1.,0.));
#3782=DIRECTION('',(0.,0.,1.));
#3783=DIRECTION('',(0.,1.,0.));
#3784=DIRECTION('',(0.,0.,1.));
#3785=DIRECTION('',(0.,1.,0.));
#3786=DIRECTION('',(0.,0.,1.));
#3787=DIRECTION('',(0.,1.,0.));
#3788=DIRECTION('',(0.,0.,1.));
#3789=DIRECTION('',(0.,1.,0.));
#3790=DIRECTION('',(0.,0.,1.));
#3791=DIRECTION('',(0.,1.,0.));
#3792=DIRECTION('',(0.,0.,1.));
#3793=DIRECTION('',(0.,1.,0.));
#3794=DIRECTION('',(0.,0.,1.));
#3795=DIRECTION('',(0.,1.,0.));
#3796=DIRECTION('',(0.,0.,1.));
#3797=DIRECTION('',(0.,1.,0.));
#3798=DIRECTION('',(0.,0.,1.));
#3799=DIRECTION('',(1.,0.,0.));
#3800=DIRECTION('',(0.,0.,-1.));
#3801=DIRECTION('',(0.,-1.,0.));
#3802=DIRECTION('',(0.,0.,-1.));
#3803=DIRECTION('',(0.,0.,-1.));
#3804=DIRECTION('',(1.,0.,0.));
#3805=DIRECTION('',(0.,0.,-1.));
#3806=DIRECTION('',(1.,0.,0.));
#3807=DIRECTION('',(1.,0.,0.));
#3808=DIRECTION('',(0.,0.,-1.));
#3809=DIRECTION('',(1.,0.,0.));
#3810=DIRECTION('',(0.,0.,-1.));
#3811=DIRECTION('',(0.,0.,1.));
#3812=DIRECTION('',(1.,0.,0.));
#3813=DIRECTION('',(0.,0.,-1.));
#3814=DIRECTION('',(0.,0.,-1.));
#3815=DIRECTION('',(1.,0.,0.));
#3816=DIRECTION('',(0.,0.,-1.));
#3817=DIRECTION('',(0.,0.,1.));
#3818=DIRECTION('',(1.,0.,0.));
#3819=DIRECTION('',(0.,0.,-1.));
#3820=DIRECTION('',(0.,0.,-1.));
#3821=DIRECTION('',(0.,-1.,0.));
#3822=DIRECTION('',(0.,0.,-1.));
#3823=DIRECTION('',(0.,-1.,0.));
#3824=DIRECTION('',(0.,0.707106781186547,-0.707106781186548));
#3825=DIRECTION('',(0.,-0.707106781186547,-0.707106781186548));
#3826=DIRECTION('',(0.,0.,-1.));
#3827=DIRECTION('',(-1.,0.,0.));
#3828=DIRECTION('',(0.,0.,1.));
#3829=DIRECTION('',(1.,0.,0.));
#3830=DIRECTION('',(-0.202582608536908,0.,0.979265176915008));
#3831=DIRECTION('',(-0.979265176915008,0.,-0.202582608536908));
#3832=DIRECTION('',(0.,0.,-1.));
#3833=DIRECTION('',(-0.202582608536908,0.,-0.979265176915008));
#3834=DIRECTION('',(0.979265176915008,0.,-0.202582608536908));
#3835=DIRECTION('',(0.,0.,1.));
#3836=DIRECTION('',(1.,0.,0.));
#3837=DIRECTION('',(0.,1.,0.));
#3838=DIRECTION('',(0.,0.,1.));
#3839=DIRECTION('',(0.,1.,0.));
#3840=DIRECTION('',(1.,0.,0.));
#3841=DIRECTION('',(0.979265176915008,0.,0.202582608536908));
#3842=DIRECTION('',(0.,1.,0.));
#3843=DIRECTION('',(0.,0.,1.));
#3844=DIRECTION('',(1.,0.,0.));
#3845=DIRECTION('',(0.,0.,-1.));
#3846=DIRECTION('',(-1.,0.,0.));
#3847=DIRECTION('',(0.,1.,0.));
#3848=DIRECTION('',(0.,0.,1.));
#3849=DIRECTION('',(-0.979265176915008,0.,0.202582608536908));
#3850=DIRECTION('',(1.,0.,0.));
#3851=DIRECTION('',(0.,0.,-1.));
#3852=DIRECTION('',(0.,-1.,0.));
#3853=DIRECTION('',(0.,0.,-1.));
#3854=DIRECTION('',(0.,1.,0.));
#3855=DIRECTION('',(0.,1.,0.));
#3856=DIRECTION('',(0.,0.,1.));
#3857=DIRECTION('',(1.,0.,0.));
#3858=DIRECTION('',(0.,0.,-1.));
#3859=DIRECTION('',(-1.,0.,0.));
#3860=DIRECTION('',(-1.,0.,0.));
#3861=DIRECTION('',(0.,0.,1.));
#3862=DIRECTION('',(0.,1.,0.));
#3863=DIRECTION('',(0.,0.,-1.));
#3864=DIRECTION('',(0.,-1.,0.));
#3865=DIRECTION('',(0.,0.,-1.));
#3866=DIRECTION('',(-1.,0.,0.));
#3867=DIRECTION('',(0.,0.,1.));
#3868=DIRECTION('',(1.,0.,0.));
#3869=DIRECTION('',(0.,0.,-1.));
#3870=DIRECTION('',(0.,0.,-1.));
#3871=DIRECTION('',(-1.,0.,0.));
#3872=DIRECTION('',(0.,-1.,0.));
#3873=DIRECTION('',(0.,0.,-1.));
#3874=DIRECTION('',(0.,1.,0.));
#3875=DIRECTION('',(1.,0.,0.));
#3876=DIRECTION('',(0.,-1.,0.));
#3877=DIRECTION('',(0.,0.,-1.));
#3878=DIRECTION('',(-0.979265176915008,0.,-0.202582608536908));
#3879=DIRECTION('',(0.,0.,-1.));
#3880=DIRECTION('',(0.979265176915008,0.,-0.202582608536908));
#3881=DIRECTION('',(0.,-1.,0.));
#3882=DIRECTION('',(0.,0.,-1.));
#3883=DIRECTION('',(1.,0.,0.));
#3884=DIRECTION('',(-1.,0.,0.));
#3885=DIRECTION('',(0.,0.,-1.));
#3886=DIRECTION('',(-1.,0.,0.));
#3887=DIRECTION('',(-0.202582608536908,0.,0.979265176915008));
#3888=DIRECTION('',(-0.979265176915008,0.,-0.202582608536908));
#3889=DIRECTION('',(0.,0.,-1.));
#3890=DIRECTION('',(-0.202582608536908,0.,-0.979265176915008));
#3891=DIRECTION('',(0.979265176915008,0.,-0.202582608536908));
#3892=DIRECTION('',(-1.,0.,0.));
#3893=DIRECTION('',(0.,0.,1.));
#3894=DIRECTION('',(-1.,0.,0.));
#3895=DIRECTION('',(0.,0.,1.));
#3896=DIRECTION('',(0.,0.,-1.));
#3897=DIRECTION('',(-1.,0.,0.));
#3898=DIRECTION('',(0.,0.,1.));
#3899=DIRECTION('',(0.,0.,1.));
#3900=DIRECTION('',(-1.,0.,0.));
#3901=DIRECTION('',(0.,0.,1.));
#3902=DIRECTION('',(0.,0.,-1.));
#3903=DIRECTION('',(-1.,0.,0.));
#3904=DIRECTION('',(0.,0.,1.));
#3905=DIRECTION('',(0.,0.,1.));
#3906=DIRECTION('',(0.,-0.707106781186547,0.707106781186548));
#3907=DIRECTION('',(0.,1.,0.));
#3908=DIRECTION('',(0.,1.,0.));
#3909=DIRECTION('',(0.,0.707106781186547,0.707106781186548));
#3910=DIRECTION('',(0.,0.,1.));
#3911=DIRECTION('',(1.,0.,0.));
#3912=DIRECTION('',(0.,-1.,0.));
#3913=DIRECTION('',(1.,0.,0.));
#3914=DIRECTION('',(0.,0.,1.));
#3915=DIRECTION('',(1.,0.,0.));
#3916=DIRECTION('',(1.,0.,0.));
#3917=DIRECTION('',(0.,-1.,0.));
#3918=DIRECTION('',(0.,-0.707106781186548,0.707106781186547));
#3919=DIRECTION('',(0.,-0.707106781186547,-0.707106781186548));
#3920=DIRECTION('',(0.,-0.707106781186548,-0.707106781186547));
#3921=DIRECTION('',(0.,0.707106781186547,-0.707106781186548));
#3922=DIRECTION('',(0.,1.,0.));
#3923=DIRECTION('',(0.,0.,1.));
#3924=DIRECTION('',(1.,0.,0.));
#3925=DIRECTION('',(1.,0.,0.));
#3926=DIRECTION('',(1.,0.,0.));
#3927=DIRECTION('',(0.,0.,-1.));
#3928=DIRECTION('',(1.,0.,0.));
#3929=DIRECTION('',(0.,-1.,0.));
#3930=DIRECTION('',(0.,0.,-1.));
#3931=DIRECTION('',(1.,0.,0.));
#3932=DIRECTION('',(1.,0.,0.));
#3933=DIRECTION('',(0.,0.,-1.));
#3934=DIRECTION('',(0.,1.,0.));
#3935=DIRECTION('',(0.,0.,1.));
#3936=DIRECTION('',(1.,0.,0.));
#3937=DIRECTION('',(1.,0.,0.));
#3938=DIRECTION('',(1.,0.,0.));
#3939=DIRECTION('',(0.,0.,-1.));
#3940=DIRECTION('',(1.,0.,0.));
#3941=DIRECTION('',(0.,-1.,0.));
#3942=DIRECTION('',(0.,0.,-1.));
#3943=DIRECTION('',(1.,0.,0.));
#3944=DIRECTION('',(1.,0.,0.));
#3945=DIRECTION('',(0.,0.,-1.));
#3946=DIRECTION('',(0.,-1.,0.));
#3947=DIRECTION('',(0.,0.,-1.));
#3948=DIRECTION('',(0.,0.,1.));
#3949=DIRECTION('',(1.,0.,0.));
#3950=DIRECTION('',(0.,-1.,0.));
#3951=DIRECTION('',(-0.202582608536908,0.,0.979265176915008));
#3952=DIRECTION('',(0.979265176915008,0.,0.202582608536908));
#3953=DIRECTION('',(0.,-1.,0.));
#3954=DIRECTION('',(0.,-1.,0.));
#3955=DIRECTION('',(0.,0.,-1.));
#3956=DIRECTION('',(0.,0.,-1.));
#3957=DIRECTION('',(-1.,0.,0.));
#3958=DIRECTION('',(0.,-1.,0.));
#3959=DIRECTION('',(0.,-1.,0.));
#3960=DIRECTION('',(0.,0.,-1.));
#3961=DIRECTION('',(0.,-1.,0.));
#3962=DIRECTION('',(-0.202582608536908,0.,-0.979265176915008));
#3963=DIRECTION('',(-0.979265176915008,0.,0.202582608536908));
#3964=DIRECTION('',(-1.,0.,0.));
#3965=DIRECTION('',(0.,0.,1.));
#3966=DIRECTION('',(0.,-1.,0.));
#3967=DIRECTION('',(0.,0.,-1.));
#3968=DIRECTION('',(0.,1.,0.));
#3969=DIRECTION('',(0.,0.,1.));
#3970=DIRECTION('',(0.,1.,0.));
#3971=DIRECTION('',(0.,0.,1.));
#3972=DIRECTION('',(0.,-1.,0.));
#3973=DIRECTION('',(0.,0.,-1.));
#3974=DIRECTION('',(0.,1.,0.));
#3975=DIRECTION('',(0.,0.,1.));
#3976=DIRECTION('',(0.,1.,0.));
#3977=DIRECTION('',(0.,0.,1.));
#3978=DIRECTION('',(0.,-1.,0.));
#3979=DIRECTION('',(0.,0.,-1.));
#3980=DIRECTION('',(0.,1.,0.));
#3981=DIRECTION('',(0.,0.,1.));
#3982=DIRECTION('',(0.,1.,0.));
#3983=DIRECTION('',(0.,0.,1.));
#3984=DIRECTION('',(0.,-1.,0.));
#3985=DIRECTION('',(0.,0.,-1.));
#3986=DIRECTION('',(0.,1.,0.));
#3987=DIRECTION('',(0.,0.,1.));
#3988=DIRECTION('',(0.,1.,0.));
#3989=DIRECTION('',(0.,0.,1.));
#3990=DIRECTION('',(0.,-1.,0.));
#3991=DIRECTION('',(0.,0.,-1.));
#3992=DIRECTION('',(0.,1.,0.));
#3993=DIRECTION('',(0.,0.,1.));
#3994=DIRECTION('',(0.,1.,0.));
#3995=DIRECTION('',(0.,0.,1.));
#3996=DIRECTION('',(0.,-1.,0.));
#3997=DIRECTION('',(0.,0.,-1.));
#3998=DIRECTION('',(0.,1.,0.));
#3999=DIRECTION('',(0.,0.,1.));
#4000=DIRECTION('',(0.,1.,0.));
#4001=DIRECTION('',(0.,0.,1.));
#4002=DIRECTION('',(0.,-1.,0.));
#4003=DIRECTION('',(0.,0.,-1.));
#4004=DIRECTION('',(0.,1.,0.));
#4005=DIRECTION('',(0.,0.,1.));
#4006=DIRECTION('',(0.,1.,0.));
#4007=DIRECTION('',(0.,0.,1.));
#4008=DIRECTION('',(0.,-1.,0.));
#4009=DIRECTION('',(0.,0.,-1.));
#4010=DIRECTION('',(0.,1.,0.));
#4011=DIRECTION('',(0.,0.,1.));
#4012=DIRECTION('',(0.,1.,0.));
#4013=DIRECTION('',(0.,0.,1.));
#4014=DIRECTION('',(0.,-1.,0.));
#4015=DIRECTION('',(0.,0.,-1.));
#4016=DIRECTION('',(0.,1.,0.));
#4017=DIRECTION('',(0.,0.,1.));
#4018=DIRECTION('',(0.,1.,0.));
#4019=DIRECTION('',(0.,0.,1.));
#4020=DIRECTION('',(0.,-1.,0.));
#4021=DIRECTION('',(0.,0.,-1.));
#4022=DIRECTION('',(0.,1.,0.));
#4023=DIRECTION('',(0.,0.,1.));
#4024=DIRECTION('',(0.,1.,0.));
#4025=DIRECTION('',(0.,0.,1.));
#4026=DIRECTION('',(0.,1.,0.));
#4027=DIRECTION('',(0.,0.,1.));
#4028=DIRECTION('',(0.,1.,0.));
#4029=DIRECTION('',(0.,0.,1.));
#4030=DIRECTION('',(0.,1.,0.));
#4031=DIRECTION('',(0.,0.,1.));
#4032=DIRECTION('',(0.,1.,0.));
#4033=DIRECTION('',(0.,1.,0.));
#4034=DIRECTION('',(0.,1.,0.));
#4035=DIRECTION('',(0.,0.,1.));
#4036=DIRECTION('',(0.,1.,0.));
#4037=DIRECTION('',(0.,1.,0.));
#4038=DIRECTION('',(0.,1.,0.));
#4039=DIRECTION('',(0.,0.,1.));
#4040=DIRECTION('',(0.,1.,0.));
#4041=DIRECTION('',(0.,1.,0.));
#4042=DIRECTION('',(0.,1.,0.));
#4043=DIRECTION('',(0.,0.,1.));
#4044=DIRECTION('',(0.,1.,0.));
#4045=DIRECTION('',(0.,1.,0.));
#4046=DIRECTION('',(0.,1.,0.));
#4047=DIRECTION('',(0.,0.,1.));
#4048=DIRECTION('',(0.,1.,0.));
#4049=DIRECTION('',(0.,1.,0.));
#4050=DIRECTION('',(0.,1.,0.));
#4051=DIRECTION('',(0.,0.,1.));
#4052=DIRECTION('',(0.,1.,0.));
#4053=DIRECTION('',(0.,1.,0.));
#4054=DIRECTION('',(0.,1.,0.));
#4055=DIRECTION('',(0.,0.,1.));
#4056=DIRECTION('',(0.,1.,0.));
#4057=DIRECTION('',(0.,1.,0.));
#4058=DIRECTION('',(0.,1.,0.));
#4059=DIRECTION('',(0.,0.,1.));
#4060=DIRECTION('',(0.,1.,0.));
#4061=DIRECTION('',(0.,1.,0.));
#4062=DIRECTION('',(0.,1.,0.));
#4063=DIRECTION('',(0.,0.,1.));
#4064=DIRECTION('',(0.,1.,0.));
#4065=DIRECTION('',(0.,1.,0.));
#4066=DIRECTION('',(0.,1.,0.));
#4067=DIRECTION('',(0.,0.,1.));
#4068=DIRECTION('',(0.,1.,0.));
#4069=DIRECTION('',(0.,1.,0.));
#4070=DIRECTION('',(0.,1.,0.));
#4071=DIRECTION('',(0.,0.,1.));
#4072=DIRECTION('',(-0.999221367183141,0.,0.0394545227401768));
#4073=DIRECTION('',(0.99922136718314,0.,0.0394545227401811));
#4074=DIRECTION('',(0.,1.,0.));
#4075=DIRECTION('',(1.,0.,0.));
#4076=DIRECTION('',(-0.785196280590816,0.,0.619246962807528));
#4077=DIRECTION('',(0.831577853796647,0.,-0.555408204004013));
#4078=DIRECTION('',(0.,1.,0.));
#4079=DIRECTION('',(1.,0.,0.));
#4080=DIRECTION('',(-0.271252902652799,0.,0.962508110512546));
#4081=DIRECTION('',(0.346299864551522,0.,-0.93812387444921));
#4082=DIRECTION('',(0.,1.,0.));
#4083=DIRECTION('',(1.,0.,0.));
#4084=DIRECTION('',(0.346299864551523,0.,0.93812387444921));
#4085=DIRECTION('',(-0.271252902652797,0.,-0.962508110512547));
#4086=DIRECTION('',(0.,1.,0.));
#4087=DIRECTION('',(1.,0.,0.));
#4088=DIRECTION('',(0.831577853796645,0.,0.555408204004016));
#4089=DIRECTION('',(-0.785196280590814,0.,-0.619246962807531));
#4090=DIRECTION('',(0.,1.,0.));
#4091=DIRECTION('',(1.,0.,0.));
#4092=DIRECTION('',(0.999221367183141,0.,-0.0394545227401768));
#4093=DIRECTION('',(-0.99922136718314,0.,-0.0394545227401807));
#4094=DIRECTION('',(0.,1.,0.));
#4095=DIRECTION('',(1.,0.,0.));
#4096=DIRECTION('',(0.785196280590816,0.,-0.619246962807528));
#4097=DIRECTION('',(-0.831577853796646,0.,0.555408204004014));
#4098=DIRECTION('',(0.,1.,0.));
#4099=DIRECTION('',(1.,0.,0.));
#4100=DIRECTION('',(0.271252902652799,0.,-0.962508110512546));
#4101=DIRECTION('',(-0.346299864551522,0.,0.93812387444921));
#4102=DIRECTION('',(0.,1.,0.));
#4103=DIRECTION('',(1.,0.,0.));
#4104=DIRECTION('',(-0.346299864551521,0.,-0.938123874449211));
#4105=DIRECTION('',(0.271252902652798,0.,0.962508110512546));
#4106=DIRECTION('',(0.,1.,0.));
#4107=DIRECTION('',(1.,0.,0.));
#4108=DIRECTION('',(-0.831577853796645,0.,-0.555408204004016));
#4109=DIRECTION('',(0.785196280590813,0.,0.619246962807532));
#4110=DIRECTION('',(0.,1.,0.));
#4111=DIRECTION('',(1.,0.,0.));
#4112=DIRECTION('',(0.,1.,0.));
#4113=DIRECTION('',(0.,0.,1.));
#4114=DIRECTION('',(0.,-1.,0.));
#4115=DIRECTION('',(0.,0.,-1.));
#4116=DIRECTION('',(0.,1.,0.));
#4117=DIRECTION('',(0.,0.,1.));
#4118=DIRECTION('',(0.,1.,0.));
#4119=DIRECTION('',(0.,0.,1.));
#4120=DIRECTION('',(-0.0394545227401811,0.,0.999221367183141));
#4121=DIRECTION('',(0.99922136718314,0.,0.0394545227401811));
#4122=DIRECTION('',(0.99922136718314,0.,0.0394545227401811));
#4123=DIRECTION('',(0.,1.,0.));
#4124=DIRECTION('',(0.,1.,0.));
#4125=DIRECTION('',(0.,0.,1.));
#4126=DIRECTION('',(0.,1.,0.));
#4127=DIRECTION('',(1.,0.,0.));
#4128=DIRECTION('',(0.,1.,0.));
#4129=DIRECTION('',(-0.619246962807528,0.,-0.785196280590816));
#4130=DIRECTION('',(-0.785196280590816,0.,0.619246962807528));
#4131=DIRECTION('',(-0.785196280590816,0.,0.619246962807528));
#4132=DIRECTION('',(0.,1.,0.));
#4133=DIRECTION('',(0.,0.,1.));
#4134=DIRECTION('',(0.555408204004013,0.,0.831577853796647));
#4135=DIRECTION('',(0.831577853796647,0.,-0.555408204004013));
#4136=DIRECTION('',(0.831577853796646,0.,-0.555408204004013));
#4137=DIRECTION('',(0.,1.,0.));
#4138=DIRECTION('',(0.,1.,0.));
#4139=DIRECTION('',(0.,0.,1.));
#4140=DIRECTION('',(0.,1.,0.));
#4141=DIRECTION('',(1.,0.,0.));
#4142=DIRECTION('',(0.,1.,0.));
#4143=DIRECTION('',(-0.962508110512546,0.,-0.271252902652799));
#4144=DIRECTION('',(-0.271252902652799,0.,0.962508110512546));
#4145=DIRECTION('',(-0.271252902652799,0.,0.962508110512546));
#4146=DIRECTION('',(0.,1.,0.));
#4147=DIRECTION('',(0.,0.,1.));
#4148=DIRECTION('',(0.93812387444921,0.,0.346299864551522));
#4149=DIRECTION('',(0.346299864551522,0.,-0.93812387444921));
#4150=DIRECTION('',(0.346299864551522,0.,-0.93812387444921));
#4151=DIRECTION('',(0.,1.,0.));
#4152=DIRECTION('',(0.,1.,0.));
#4153=DIRECTION('',(0.,0.,1.));
#4154=DIRECTION('',(0.,1.,0.));
#4155=DIRECTION('',(1.,0.,0.));
#4156=DIRECTION('',(0.,1.,0.));
#4157=DIRECTION('',(-0.93812387444921,0.,0.346299864551523));
#4158=DIRECTION('',(0.346299864551523,0.,0.93812387444921));
#4159=DIRECTION('',(0.346299864551523,0.,0.93812387444921));
#4160=DIRECTION('',(0.,1.,0.));
#4161=DIRECTION('',(0.,0.,1.));
#4162=DIRECTION('',(0.962508110512547,0.,-0.271252902652797));
#4163=DIRECTION('',(-0.271252902652797,0.,-0.962508110512547));
#4164=DIRECTION('',(-0.271252902652797,0.,-0.962508110512547));
#4165=DIRECTION('',(0.,1.,0.));
#4166=DIRECTION('',(0.,1.,0.));
#4167=DIRECTION('',(0.,0.,1.));
#4168=DIRECTION('',(0.,1.,0.));
#4169=DIRECTION('',(1.,0.,0.));
#4170=DIRECTION('',(0.,1.,0.));
#4171=DIRECTION('',(-0.555408204004016,0.,0.831577853796645));
#4172=DIRECTION('',(0.831577853796645,0.,0.555408204004016));
#4173=DIRECTION('',(0.831577853796645,0.,0.555408204004016));
#4174=DIRECTION('',(0.,1.,0.));
#4175=DIRECTION('',(0.,0.,1.));
#4176=DIRECTION('',(0.619246962807532,0.,-0.785196280590814));
#4177=DIRECTION('',(-0.785196280590814,0.,-0.619246962807531));
#4178=DIRECTION('',(-0.785196280590814,0.,-0.619246962807531));
#4179=DIRECTION('',(0.,1.,0.));
#4180=DIRECTION('',(0.,1.,0.));
#4181=DIRECTION('',(0.,0.,1.));
#4182=DIRECTION('',(0.,1.,0.));
#4183=DIRECTION('',(1.,0.,0.));
#4184=DIRECTION('',(0.,1.,0.));
#4185=DIRECTION('',(0.0394545227401768,0.,0.999221367183141));
#4186=DIRECTION('',(0.999221367183141,0.,-0.0394545227401768));
#4187=DIRECTION('',(0.999221367183141,0.,-0.0394545227401768));
#4188=DIRECTION('',(0.,1.,0.));
#4189=DIRECTION('',(0.,0.,1.));
#4190=DIRECTION('',(0.0394545227401807,0.,-0.999221367183141));
#4191=DIRECTION('',(-0.99922136718314,0.,-0.0394545227401807));
#4192=DIRECTION('',(-0.999221367183141,0.,-0.0394545227401807));
#4193=DIRECTION('',(0.,1.,0.));
#4194=DIRECTION('',(0.,1.,0.));
#4195=DIRECTION('',(0.,0.,1.));
#4196=DIRECTION('',(0.,1.,0.));
#4197=DIRECTION('',(1.,0.,0.));
#4198=DIRECTION('',(0.,1.,0.));
#4199=DIRECTION('',(0.619246962807528,0.,0.785196280590816));
#4200=DIRECTION('',(0.785196280590816,0.,-0.619246962807528));
#4201=DIRECTION('',(0.785196280590816,0.,-0.619246962807528));
#4202=DIRECTION('',(0.,1.,0.));
#4203=DIRECTION('',(0.,0.,1.));
#4204=DIRECTION('',(-0.555408204004014,0.,-0.831577853796646));
#4205=DIRECTION('',(-0.831577853796646,0.,0.555408204004014));
#4206=DIRECTION('',(-0.831577853796646,0.,0.555408204004014));
#4207=DIRECTION('',(0.,1.,0.));
#4208=DIRECTION('',(0.,1.,0.));
#4209=DIRECTION('',(0.,0.,1.));
#4210=DIRECTION('',(0.,1.,0.));
#4211=DIRECTION('',(1.,0.,0.));
#4212=DIRECTION('',(0.,1.,0.));
#4213=DIRECTION('',(0.962508110512546,0.,0.271252902652799));
#4214=DIRECTION('',(0.271252902652799,0.,-0.962508110512546));
#4215=DIRECTION('',(0.271252902652799,0.,-0.962508110512546));
#4216=DIRECTION('',(0.,1.,0.));
#4217=DIRECTION('',(0.,0.,1.));
#4218=DIRECTION('',(-0.93812387444921,0.,-0.346299864551522));
#4219=DIRECTION('',(-0.346299864551522,0.,0.93812387444921));
#4220=DIRECTION('',(-0.346299864551522,0.,0.93812387444921));
#4221=DIRECTION('',(0.,1.,0.));
#4222=DIRECTION('',(0.,1.,0.));
#4223=DIRECTION('',(0.,0.,1.));
#4224=DIRECTION('',(0.,1.,0.));
#4225=DIRECTION('',(1.,0.,0.));
#4226=DIRECTION('',(0.,1.,0.));
#4227=DIRECTION('',(0.938123874449211,0.,-0.346299864551521));
#4228=DIRECTION('',(-0.346299864551521,0.,-0.938123874449211));
#4229=DIRECTION('',(-0.346299864551521,0.,-0.938123874449211));
#4230=DIRECTION('',(0.,1.,0.));
#4231=DIRECTION('',(0.,0.,1.));
#4232=DIRECTION('',(-0.962508110512546,0.,0.271252902652798));
#4233=DIRECTION('',(0.271252902652798,0.,0.962508110512546));
#4234=DIRECTION('',(0.271252902652798,0.,0.962508110512546));
#4235=DIRECTION('',(0.,1.,0.));
#4236=DIRECTION('',(0.,1.,0.));
#4237=DIRECTION('',(0.,0.,1.));
#4238=DIRECTION('',(0.,1.,0.));
#4239=DIRECTION('',(1.,0.,0.));
#4240=DIRECTION('',(0.,1.,0.));
#4241=DIRECTION('',(0.555408204004016,0.,-0.831577853796645));
#4242=DIRECTION('',(-0.831577853796645,0.,-0.555408204004016));
#4243=DIRECTION('',(-0.831577853796645,0.,-0.555408204004016));
#4244=DIRECTION('',(0.,1.,0.));
#4245=DIRECTION('',(0.,0.,1.));
#4246=DIRECTION('',(0.,1.,0.));
#4247=DIRECTION('',(0.,0.,1.));
#4248=DIRECTION('',(-0.999221367183141,0.,0.0394545227401768));
#4249=DIRECTION('',(0.,1.,0.));
#4250=DIRECTION('',(1.,0.,0.));
#4251=DIRECTION('',(0.785196280590813,0.,0.619246962807532));
#4252=DIRECTION('',(-0.0394545227401768,0.,-0.999221367183141));
#4253=DIRECTION('',(-0.999221367183141,0.,0.0394545227401768));
#4254=DIRECTION('',(0.,1.,0.));
#4255=DIRECTION('',(0.,1.,0.));
#4256=DIRECTION('',(0.,0.,1.));
#4257=DIRECTION('',(0.,1.,0.));
#4258=DIRECTION('',(-0.619246962807532,0.,0.785196280590814));
#4259=DIRECTION('',(0.785196280590813,0.,0.619246962807532));
#4260=DIRECTION('',(1.,0.,0.));
#4261=DIRECTION('',(0.,0.,-1.));
#4262=DIRECTION('',(1.,1.51582450295488E-15,0.));
#4263=DIRECTION('',(-1.51582450295488E-15,1.,0.));
#4264=DIRECTION('',(1.,1.51582450295488E-15,0.));
#4265=DIRECTION('',(-1.51582450295488E-15,1.,0.));
#4266=DIRECTION('',(1.,1.51582450295488E-15,0.));
#4267=DIRECTION('',(-1.51582450295488E-15,1.,0.));
#4268=DIRECTION('',(1.,1.51582450295488E-15,0.));
#4269=DIRECTION('',(-1.51582450295488E-15,1.,0.));
#4270=DIRECTION('',(1.,1.51582450295488E-15,0.));
#4271=DIRECTION('',(-1.51582450295488E-15,1.,0.));
#4272=DIRECTION('',(1.,1.51582450295488E-15,0.));
#4273=DIRECTION('',(-1.51582450295488E-15,1.,0.));
#4274=DIRECTION('',(-1.,-1.51582450295488E-15,0.));
#4275=DIRECTION('',(1.51582450295488E-15,-1.,0.));
#4276=DIRECTION('',(1.,1.51582450295488E-15,0.));
#4277=DIRECTION('',(-1.51582450295488E-15,1.,0.));
#4278=DIRECTION('',(1.,1.51582450295488E-15,0.));
#4279=DIRECTION('',(-1.51582450295488E-15,1.,0.));
#4280=DIRECTION('',(1.,1.51582450295488E-15,0.));
#4281=DIRECTION('',(-1.51582450295488E-15,1.,0.));
#4282=DIRECTION('',(1.,1.51582450295488E-15,0.));
#4283=DIRECTION('',(-1.51582450295488E-15,1.,0.));
#4284=DIRECTION('',(1.,1.51582450295488E-15,0.));
#4285=DIRECTION('',(-1.51582450295488E-15,1.,0.));
#4286=DIRECTION('',(-1.,-1.51582450295488E-15,0.));
#4287=DIRECTION('',(1.51582450295488E-15,-1.,0.));
#4288=DIRECTION('',(0.,-1.,0.));
#4289=DIRECTION('',(0.,0.,1.));
#4290=DIRECTION('',(0.,1.,0.));
#4291=DIRECTION('',(0.,0.,-1.));
#4292=DIRECTION('',(0.,0.,-1.));
#4293=DIRECTION('',(-1.,0.,0.));
#4294=DIRECTION('',(-1.,0.,0.));
#4295=DIRECTION('',(-1.,0.,0.));
#4296=DIRECTION('',(0.,-1.,0.));
#4297=DIRECTION('',(0.,0.,-1.));
#4298=DIRECTION('',(-1.,0.,0.));
#4299=DIRECTION('',(0.,0.,1.));
#4300=DIRECTION('',(1.,0.,0.));
#4301=DIRECTION('',(-1.,0.,0.));
#4302=DIRECTION('',(0.,1.,0.));
#4303=DIRECTION('',(0.,0.,1.));
#4304=DIRECTION('',(-1.,-1.51582450295488E-15,0.));
#4305=DIRECTION('',(1.51582450295488E-15,-1.,0.));
#4306=DIRECTION('',(1.,1.51582450295488E-15,0.));
#4307=DIRECTION('',(-1.51582450295488E-15,1.,0.));
#4308=DIRECTION('',(-1.,-1.51582450295488E-15,0.));
#4309=DIRECTION('',(1.51582450295488E-15,-1.,0.));
#4310=DIRECTION('',(1.,1.51582450295488E-15,0.));
#4311=DIRECTION('',(-1.51582450295488E-15,1.,0.));
#4312=DIRECTION('',(1.,1.51582450295488E-15,0.));
#4313=DIRECTION('',(-1.51582450295488E-15,1.,0.));
#4314=DIRECTION('',(1.,0.,0.));
#4315=DIRECTION('',(0.,0.,-1.));
#4316=DIRECTION('',(1.,0.,0.));
#4317=DIRECTION('',(0.,0.,-1.));
#4318=DIRECTION('',(1.,0.,0.));
#4319=DIRECTION('',(0.,0.,-1.));
#4320=CARTESIAN_POINT('',(0.,0.,0.));
#4321=CARTESIAN_POINT('',(12.,0.,0.));
#4322=CARTESIAN_POINT('',(12.,0.,-4.));
#4323=CARTESIAN_POINT('',(12.,7.,3.14142842854285));
#4324=CARTESIAN_POINT('',(12.,-10.,-4.));
#4325=CARTESIAN_POINT('',(12.,7.,0.));
#4326=CARTESIAN_POINT('',(12.,7.,14.0801278403287));
#4327=CARTESIAN_POINT('',(12.,7.,14.0801278403287));
#4328=CARTESIAN_POINT('',(12.,7.32952626910738,14.5130952144619));
#4329=CARTESIAN_POINT('',(12.,7.66310116734819,14.9430126749699));
#4330=CARTESIAN_POINT('',(12.,7.99999999999999,15.3704261489394));
#4331=CARTESIAN_POINT('',(12.,8.,15.3704261489394));
#4332=CARTESIAN_POINT('',(12.,57.325,15.3704261489394));
#4333=CARTESIAN_POINT('',(12.,10.,15.3704261489394));
#4334=CARTESIAN_POINT('',(12.,10.,-20.));
#4335=CARTESIAN_POINT('',(12.,10.,20.));
#4336=CARTESIAN_POINT('',(12.,10.,20.));
#4337=CARTESIAN_POINT('',(12.,-10.,20.));
#4338=CARTESIAN_POINT('',(12.,-10.,20.));
#4339=CARTESIAN_POINT('',(-12.,0.,0.));
#4340=CARTESIAN_POINT('',(-12.,7.,0.));
#4341=CARTESIAN_POINT('',(-12.,7.,3.14142842854285));
#4342=CARTESIAN_POINT('',(-12.,7.,14.0801278403287));
#4343=CARTESIAN_POINT('',(-12.,0.,-4.));
#4344=CARTESIAN_POINT('',(-12.,-10.,-4.));
#4345=CARTESIAN_POINT('',(-12.,-10.,20.));
#4346=CARTESIAN_POINT('',(-12.,-10.,20.));
#4347=CARTESIAN_POINT('',(-12.,10.,20.));
#4348=CARTESIAN_POINT('',(-12.,10.,20.));
#4349=CARTESIAN_POINT('',(-12.,10.,-20.));
#4350=CARTESIAN_POINT('',(-12.,10.,15.3704261489394));
#4351=CARTESIAN_POINT('',(-12.,57.325,15.3704261489394));
#4352=CARTESIAN_POINT('',(-12.,8.,15.3704261489394));
#4353=CARTESIAN_POINT('',(-12.,7.,14.0801278403287));
#4354=CARTESIAN_POINT('',(-12.,7.32952626910738,14.5130952144619));
#4355=CARTESIAN_POINT('',(-12.,7.66310116734819,14.9430126749699));
#4356=CARTESIAN_POINT('',(-12.,7.99999999999999,15.3704261489394));
#4357=CARTESIAN_POINT('',(12.,10.,-20.));
#4358=CARTESIAN_POINT('',(0.,10.,0.));
#4359=CARTESIAN_POINT('',(12.,10.,20.));
#4360=CARTESIAN_POINT('',(12.,0.,0.));
#4361=CARTESIAN_POINT('',(12.,8.,-15.3704261489394));
#4362=CARTESIAN_POINT('',(12.,7.66292438521726,-14.9427883967671));
#4363=CARTESIAN_POINT('',(12.,7.32934184071377,-14.5128528924233));
#4364=CARTESIAN_POINT('',(12.,7.,-14.0801278403287));
#4365=CARTESIAN_POINT('',(12.,8.,-15.3704261489394));
#4366=CARTESIAN_POINT('',(12.,7.,-14.0801278403287));
#4367=CARTESIAN_POINT('',(12.,7.,0.));
#4368=CARTESIAN_POINT('',(12.,7.,-11.1414284285429));
#4369=CARTESIAN_POINT('',(12.,0.,-4.));
#4370=CARTESIAN_POINT('',(12.,-10.,20.));
#4371=CARTESIAN_POINT('',(12.,-10.,-20.));
#4372=CARTESIAN_POINT('',(12.,-10.,-20.));
#4373=CARTESIAN_POINT('',(12.,10.,-20.));
#4374=CARTESIAN_POINT('',(12.,10.,-20.));
#4375=CARTESIAN_POINT('',(12.,10.,-15.3704261489394));
#4376=CARTESIAN_POINT('',(12.,57.325,-15.3704261489394));
#4377=CARTESIAN_POINT('',(-12.,0.,0.));
#4378=CARTESIAN_POINT('',(-12.,7.,0.));
#4379=CARTESIAN_POINT('',(-12.,7.,-14.0801278403287));
#4380=CARTESIAN_POINT('',(-12.,7.,-11.1414284285429));
#4381=CARTESIAN_POINT('',(-12.,8.,-15.3704261489394));
#4382=CARTESIAN_POINT('',(-12.,7.66292438521726,-14.9427883967671));
#4383=CARTESIAN_POINT('',(-12.,7.32934184071377,-14.5128528924233));
#4384=CARTESIAN_POINT('',(-12.,7.,-14.0801278403287));
#4385=CARTESIAN_POINT('',(-12.,8.,-15.3704261489394));
#4386=CARTESIAN_POINT('',(-12.,57.325,-15.3704261489394));
#4387=CARTESIAN_POINT('',(-12.,9.99999999999999,-15.3704261489394));
#4388=CARTESIAN_POINT('',(-12.,10.,-20.));
#4389=CARTESIAN_POINT('',(-12.,10.,-20.));
#4390=CARTESIAN_POINT('',(-12.,-10.,-20.));
#4391=CARTESIAN_POINT('',(-12.,-10.,-20.));
#4392=CARTESIAN_POINT('',(-12.,-10.,20.));
#4393=CARTESIAN_POINT('',(-12.,0.,-4.));
#4394=CARTESIAN_POINT('',(0.,0.,10.));
#4395=CARTESIAN_POINT('',(-0.921112053414669,7.52231445999529,19.));
#4396=CARTESIAN_POINT('',(-0.315826830464377,7.59643200953119,19.1035485709942));
#4397=CARTESIAN_POINT('',(0.312991702467448,7.59677917270615,19.1040335877128));
#4398=CARTESIAN_POINT('',(0.921112053414753,7.52231445999528,19.));
#4399=CARTESIAN_POINT('',(-0.921112053414669,7.52231445999529,19.));
#4400=CARTESIAN_POINT('',(0.921112053414709,7.52231445999484,19.));
#4401=CARTESIAN_POINT('',(0.,0.,19.));
#4402=CARTESIAN_POINT('',(0.,0.,20.));
#4403=CARTESIAN_POINT('',(-7.5785,0.,20.));
#4404=CARTESIAN_POINT('',(0.,7.5785,19.));
#4405=CARTESIAN_POINT('',(0.,0.,19.));
#4406=CARTESIAN_POINT('',(-5.7225,0.,19.));
#4407=CARTESIAN_POINT('',(0.921112053414628,7.52231445999528,19.));
#4408=CARTESIAN_POINT('',(0.31189226043549,7.49281438545535,19.));
#4409=CARTESIAN_POINT('',(-0.306394887480742,7.49254818774837,19.));
#4410=CARTESIAN_POINT('',(-0.921112053414657,7.52231445999529,19.));
#4411=CARTESIAN_POINT('',(0.,0.,10.));
#4412=CARTESIAN_POINT('',(-4.58257569495584,3.42739058906335,10.));
#4413=CARTESIAN_POINT('',(-4.05596727407597,4.13148978277172,10.2413222950283));
#4414=CARTESIAN_POINT('',(-2.70458273816709,5.27499521685514,10.7590644046639));
#4415=CARTESIAN_POINT('',(-0.0147173844125862,5.94472771838721,11.1197341268967));
#4416=CARTESIAN_POINT('',(2.70089840045653,5.28103692706266,10.7619694438993));
#4417=CARTESIAN_POINT('',(4.05569006019731,4.13186043022191,10.2414493303866));
#4418=CARTESIAN_POINT('',(4.58257569495584,3.42739058906335,10.));
#4419=CARTESIAN_POINT('',(-4.58257569495584,3.42739058906335,10.));
#4420=CARTESIAN_POINT('',(4.58257569495584,3.42739058906335,10.));
#4421=CARTESIAN_POINT('',(0.,0.,10.));
#4422=CARTESIAN_POINT('',(4.58257569495584,-3.42739058906335,10.));
#4423=CARTESIAN_POINT('',(4.58257569495584,-3.42739058906335,10.));
#4424=CARTESIAN_POINT('',(4.05596727407597,-4.13148978277172,10.2413222950283));
#4425=CARTESIAN_POINT('',(2.70458273816709,-5.27499521685514,10.7590644046639));
#4426=CARTESIAN_POINT('',(0.0147173844125862,-5.94472771838721,11.1197341268967));
#4427=CARTESIAN_POINT('',(-2.70089840045653,-5.28103692706266,10.7619694438993));
#4428=CARTESIAN_POINT('',(-4.05569006019731,-4.13186043022191,10.2414493303866));
#4429=CARTESIAN_POINT('',(-4.58257569495584,-3.42739058906335,10.));
#4430=CARTESIAN_POINT('',(-4.58257569495584,-3.42739058906335,10.));
#4431=CARTESIAN_POINT('',(0.,0.,10.));
#4432=CARTESIAN_POINT('',(0.,5.7225,10.));
#4433=CARTESIAN_POINT('',(4.58257569495584,57.325,10.));
#4434=CARTESIAN_POINT('',(0.,5.7225,10.));
#4435=CARTESIAN_POINT('',(-4.58257569495584,57.325,10.));
#4436=CARTESIAN_POINT('',(0.,5.72249999999999,-19.));
#4437=CARTESIAN_POINT('',(-0.921112053414673,7.52231445999529,-19.));
#4438=CARTESIAN_POINT('',(-0.311892260435525,7.49281438545536,-19.));
#4439=CARTESIAN_POINT('',(0.306394887480738,7.49254818774837,-19.));
#4440=CARTESIAN_POINT('',(0.921112053414664,7.52231445999529,-19.));
#4441=CARTESIAN_POINT('',(-0.921112053414672,7.52231445999529,-19.));
#4442=CARTESIAN_POINT('',(0.921112053414653,7.52231445999529,-19.));
#4443=CARTESIAN_POINT('',(0.,0.,-19.));
#4444=CARTESIAN_POINT('',(0.,0.,-19.));
#4445=CARTESIAN_POINT('',(-5.72249999999999,0.,-19.));
#4446=CARTESIAN_POINT('',(0.,0.,-20.));
#4447=CARTESIAN_POINT('',(0.,0.,-20.));
#4448=CARTESIAN_POINT('',(-7.5785,0.,-20.));
#4449=CARTESIAN_POINT('',(0.921112053414653,7.52231445999529,-19.));
#4450=CARTESIAN_POINT('',(0.315826830464393,7.59643200953118,-19.1035485709942));
#4451=CARTESIAN_POINT('',(-0.312991702467398,7.59677917270615,-19.1040335877128));
#4452=CARTESIAN_POINT('',(-0.921112053414672,7.52231445999529,-19.));
#4453=CARTESIAN_POINT('',(-19.,0.,-4.));
#4454=CARTESIAN_POINT('',(-20.,0.,-4.));
#4455=CARTESIAN_POINT('',(-20.,0.,-13.));
#4456=CARTESIAN_POINT('',(-19.,0.,-4.));
#4457=CARTESIAN_POINT('',(-19.,7.65527387257602,2.43403310030769));
#4458=CARTESIAN_POINT('',(-19.,9.99249005751662,-4.38748219369606));
#4459=CARTESIAN_POINT('',(-19.,7.65527387257602,2.43403310030769));
#4460=CARTESIAN_POINT('',(-19.1714423973744,7.77358107413686,2.02680827538955));
#4461=CARTESIAN_POINT('',(-19.3267725605381,7.88918894988868,1.61282766271002));
#4462=CARTESIAN_POINT('',(-19.4636176495444,8.,1.19062504271709));
#4463=CARTESIAN_POINT('',(-19.4636176495444,8.,1.19062504271709));
#4464=CARTESIAN_POINT('',(-19.4636176495444,8.,1.19062504271709));
#4465=CARTESIAN_POINT('',(-19.5696212666871,8.99798184685012,-0.542257938500417));
#4466=CARTESIAN_POINT('',(-19.4440929508188,9.62263780845182,-2.46433682397132));
#4467=CARTESIAN_POINT('',(-19.,9.99249005751662,-4.38748219369606));
#4468=CARTESIAN_POINT('',(20.,0.,-4.));
#4469=CARTESIAN_POINT('',(-16.7406690427832,8.,-10.));
#4470=CARTESIAN_POINT('',(-16.1072366010901,7.67703300911638,-10.4306226545115));
#4471=CARTESIAN_POINT('',(-15.448733702605,7.3412985521302,-10.8068889328641));
#4472=CARTESIAN_POINT('',(-14.7688378883262,7.,-11.141428428543));
#4473=CARTESIAN_POINT('',(-16.7406690427832,8.,-10.));
#4474=CARTESIAN_POINT('',(-14.7688378883261,7.,-11.1414284285429));
#4475=CARTESIAN_POINT('',(20.,7.,-11.1414284285429));
#4476=CARTESIAN_POINT('',(20.,7.,3.14142842854285));
#4477=CARTESIAN_POINT('',(-18.2313309286059,7.,3.14142842854285));
#4478=CARTESIAN_POINT('',(-18.231330928606,7.00000000000006,3.14142842854301));
#4479=CARTESIAN_POINT('',(-18.4973529281091,7.22475029491848,2.92112907524543));
#4480=CARTESIAN_POINT('',(-18.7541223070045,7.44341905565873,2.68609997957953));
#4481=CARTESIAN_POINT('',(-19.,7.65527387257601,2.43403310030769));
#4482=CARTESIAN_POINT('',(-19.,9.99249005751662,-4.38748219369606));
#4483=CARTESIAN_POINT('',(-18.5159670442888,9.91120865460558,-6.48358783071175));
#4484=CARTESIAN_POINT('',(-17.6699235128786,9.16672561552958,-8.44436584596055));
#4485=CARTESIAN_POINT('',(-16.7406690427832,8.00000000000001,-9.99999999999999));
#4486=CARTESIAN_POINT('',(20.,0.,-4.));
#4487=CARTESIAN_POINT('',(20.,7.,-11.1414284285429));
#4488=CARTESIAN_POINT('',(14.7688378883261,7.,-11.1414284285429));
#4489=CARTESIAN_POINT('',(14.7688378883262,7.00000000000001,-11.141428428543));
#4490=CARTESIAN_POINT('',(15.448733702605,7.3412985521302,-10.8068889328641));
#4491=CARTESIAN_POINT('',(16.1072366010901,7.67703300911638,-10.4306226545115));
#4492=CARTESIAN_POINT('',(16.7406690427832,8.,-10.));
#4493=CARTESIAN_POINT('',(16.7406690427832,8.,-10.));
#4494=CARTESIAN_POINT('',(16.7406690427832,8.,-10.));
#4495=CARTESIAN_POINT('',(17.2083257009684,8.58716640052491,-9.21711146596678));
#4496=CARTESIAN_POINT('',(18.0912193686813,9.53119590459272,-7.49265874159905));
#4497=CARTESIAN_POINT('',(18.7566558611634,9.9516264081278,-5.44128445061204));
#4498=CARTESIAN_POINT('',(19.,9.99249005751662,-4.38748219369606));
#4499=CARTESIAN_POINT('',(19.,9.99249005751662,-4.38748219369606));
#4500=CARTESIAN_POINT('',(19.,0.,-4.));
#4501=CARTESIAN_POINT('',(19.,7.65527387257602,2.43403310030769));
#4502=CARTESIAN_POINT('',(19.,7.65527387257602,2.43403310030769));
#4503=CARTESIAN_POINT('',(18.7541223070045,7.44341905565873,2.68609997957952));
#4504=CARTESIAN_POINT('',(18.4973529281091,7.22475029491848,2.92112907524542));
#4505=CARTESIAN_POINT('',(18.231330928606,7.00000000000006,3.14142842854301));
#4506=CARTESIAN_POINT('',(18.2313309286059,7.,3.14142842854285));
#4507=CARTESIAN_POINT('',(20.,7.,3.14142842854285));
#4508=CARTESIAN_POINT('',(20.,0.,-4.));
#4509=CARTESIAN_POINT('',(19.4636176495444,8.00000000000001,1.19062504271706));
#4510=CARTESIAN_POINT('',(19.3267725605381,7.88918894988868,1.61282766271));
#4511=CARTESIAN_POINT('',(19.1714423973744,7.77358107413686,2.02680827538954));
#4512=CARTESIAN_POINT('',(19.,7.65527387257602,2.43403310030769));
#4513=CARTESIAN_POINT('',(19.4636176495444,8.,1.19062504271706));
#4514=CARTESIAN_POINT('',(19.,9.99249005751664,-4.38748219369606));
#4515=CARTESIAN_POINT('',(19.221878028711,9.80770421980961,-3.42663896758194));
#4516=CARTESIAN_POINT('',(19.5088358776893,9.3234059193548,-1.52647016830939));
#4517=CARTESIAN_POINT('',(19.5168695722131,8.50134564806106,0.32009483821029));
#4518=CARTESIAN_POINT('',(19.4636176495444,8.,1.19062504271706));
#4519=CARTESIAN_POINT('',(20.,0.,-4.));
#4520=CARTESIAN_POINT('',(20.,0.,-13.));
#4521=CARTESIAN_POINT('',(12.,10.,20.));
#4522=CARTESIAN_POINT('',(12.,-10.,20.));
#4523=CARTESIAN_POINT('',(12.,-10.,20.));
#4524=CARTESIAN_POINT('',(0.,-9.99999999999999,0.));
#4525=CARTESIAN_POINT('',(0.,-9.99999999999999,11.));
#4526=CARTESIAN_POINT('',(12.,-10.,-20.));
#4527=CARTESIAN_POINT('',(12.,-10.,-20.));
#4528=CARTESIAN_POINT('',(12.,10.,-20.));
#4529=CARTESIAN_POINT('',(12.,10.,-20.));
#4530=CARTESIAN_POINT('',(0.,10.,0.));
#4531=CARTESIAN_POINT('',(0.,0.,-20.));
#4532=CARTESIAN_POINT('',(-5.40042264810053,-2.30926757360375,-13.8108969645555));
#4533=CARTESIAN_POINT('',(-5.88236609921517,0.00368539139411473,-14.0939232115325));
#4534=CARTESIAN_POINT('',(-5.40511295503873,2.29452600802729,-13.8134101893146));
#4535=CARTESIAN_POINT('',(-4.13797514958845,4.15059367057794,-13.1524151853305));
#4536=CARTESIAN_POINT('',(-2.30506886103919,5.3980284496136,-12.4381760300793));
#4537=CARTESIAN_POINT('',(-0.0119840753744594,5.88210952478865,-12.0838103762678));
#4538=CARTESIAN_POINT('',(2.28312950838199,5.4084623486819,-12.4313856613573));
#4539=CARTESIAN_POINT('',(4.12964981637412,4.15934462979865,-13.1482287994486));
#4540=CARTESIAN_POINT('',(5.39708523642131,2.31210702382643,-13.80899536226));
#4541=CARTESIAN_POINT('',(5.88139011577755,0.0224675235803736,-14.0933807318399));
#4542=CARTESIAN_POINT('',(5.41214548469745,-2.28223015413318,-13.8173622157997));
#4543=CARTESIAN_POINT('',(4.14569454647392,-4.14286275276873,-13.1560189037169));
#4544=CARTESIAN_POINT('',(2.31272154583984,-5.39566128014535,-12.4399742408889));
#4545=CARTESIAN_POINT('',(0.0134232340028433,-5.88246609984051,-12.0834564946506));
#4546=CARTESIAN_POINT('',(-2.28213382206928,-5.40937088026666,-12.4310255421107));
#4547=CARTESIAN_POINT('',(-4.13246993912683,-4.15644216111423,-13.1493466949824));
#4548=CARTESIAN_POINT('',(-5.40042264810053,-2.30926757360375,-13.8108969645555));
#4549=CARTESIAN_POINT('',(-5.88236609921517,0.00368539139411473,-14.0939232115325));
#4550=CARTESIAN_POINT('',(-5.40511295503873,2.29452600802729,-13.8134101893146));
#4551=CARTESIAN_POINT('',(-5.72249999999999,0.,-14.));
#4552=CARTESIAN_POINT('',(20.,0.,-4.));
#4553=CARTESIAN_POINT('',(-20.,0.,-4.));
#4554=CARTESIAN_POINT('',(-19.419,0.,-4.));
#4555=CARTESIAN_POINT('',(-19.419,0.,-8.283));
#4556=CARTESIAN_POINT('',(-20.,0.,-4.));
#4557=CARTESIAN_POINT('',(-20.,0.,-8.864));
#4558=CARTESIAN_POINT('',(20.,0.,-4.));
#4559=CARTESIAN_POINT('',(-12.,0.,-4.));
#4560=CARTESIAN_POINT('',(-12.,0.,-8.283));
#4561=CARTESIAN_POINT('',(-20.,0.,-13.));
#4562=CARTESIAN_POINT('',(-12.,0.,0.));
#4563=CARTESIAN_POINT('',(20.,0.,-4.));
#4564=CARTESIAN_POINT('',(19.419,0.,-4.));
#4565=CARTESIAN_POINT('',(19.419,0.,-8.283));
#4566=CARTESIAN_POINT('',(12.,0.,-4.));
#4567=CARTESIAN_POINT('',(12.,0.,-8.283));
#4568=CARTESIAN_POINT('',(19.419,0.,-4.));
#4569=CARTESIAN_POINT('',(20.,0.,-4.));
#4570=CARTESIAN_POINT('',(20.,0.,-8.864));
#4571=CARTESIAN_POINT('',(20.,0.,-8.864));
#4572=CARTESIAN_POINT('',(12.,0.,0.));
#4573=CARTESIAN_POINT('',(-11.25,57.325,0.));
#4574=CARTESIAN_POINT('',(0.,57.325,0.));
#4575=CARTESIAN_POINT('',(0.,57.325,11.25));
#4576=CARTESIAN_POINT('',(0.,56.325,0.));
#4577=CARTESIAN_POINT('',(0.,56.325,0.));
#4578=CARTESIAN_POINT('',(0.,56.325,12.25));
#4579=CARTESIAN_POINT('',(0.,57.325,0.));
#4580=CARTESIAN_POINT('',(0.,54.825,0.));
#4581=CARTESIAN_POINT('',(0.,54.825,12.25));
#4582=CARTESIAN_POINT('',(0.,53.825,0.));
#4583=CARTESIAN_POINT('',(0.,53.825,0.));
#4584=CARTESIAN_POINT('',(0.,53.825,13.25));
#4585=CARTESIAN_POINT('',(0.,32.824836478306,0.));
#4586=CARTESIAN_POINT('',(0.,32.824836478306,0.));
#4587=CARTESIAN_POINT('',(0.,32.824836478306,13.7872134854387));
#4588=CARTESIAN_POINT('',(0.,32.325,0.));
#4589=CARTESIAN_POINT('',(0.,32.325,0.));
#4590=CARTESIAN_POINT('',(0.,32.325,13.3));
#4591=CARTESIAN_POINT('',(-11.5,32.325,0.));
#4592=CARTESIAN_POINT('',(0.,32.325,0.));
#4593=CARTESIAN_POINT('',(0.,32.325,11.5));
#4594=CARTESIAN_POINT('',(0.,57.325,0.));
#4595=CARTESIAN_POINT('',(0.,31.425,0.));
#4596=CARTESIAN_POINT('',(0.,31.425,11.5));
#4597=CARTESIAN_POINT('',(-14.25,31.425,0.));
#4598=CARTESIAN_POINT('',(0.,31.425,0.));
#4599=CARTESIAN_POINT('',(0.,31.425,14.25));
#4600=CARTESIAN_POINT('',(0.,30.675,0.));
#4601=CARTESIAN_POINT('',(0.,30.675,0.));
#4602=CARTESIAN_POINT('',(0.,30.675,15.));
#4603=CARTESIAN_POINT('',(0.,57.325,0.));
#4604=CARTESIAN_POINT('',(0.,20.8,0.));
#4605=CARTESIAN_POINT('',(0.,20.8,15.));
#4606=CARTESIAN_POINT('',(-18.5,20.8,0.));
#4607=CARTESIAN_POINT('',(0.,20.8,0.));
#4608=CARTESIAN_POINT('',(0.,20.8,18.5));
#4609=CARTESIAN_POINT('',(0.,19.8,0.));
#4610=CARTESIAN_POINT('',(0.,19.8,0.));
#4611=CARTESIAN_POINT('',(0.,19.8,19.5));
#4612=CARTESIAN_POINT('',(0.,57.325,0.));
#4613=CARTESIAN_POINT('',(0.,8.,0.));
#4614=CARTESIAN_POINT('',(0.,8.,0.));
#4615=CARTESIAN_POINT('',(0.,8.,0.));
#4616=CARTESIAN_POINT('',(0.,8.,0.));
#4617=CARTESIAN_POINT('',(-11.,7.,0.));
#4618=CARTESIAN_POINT('',(0.,7.,0.));
#4619=CARTESIAN_POINT('',(0.,7.,0.));
#4620=CARTESIAN_POINT('',(0.,7.,0.));
#4621=CARTESIAN_POINT('',(0.,7.,0.));
#4622=CARTESIAN_POINT('',(0.,7.,0.));
#4623=CARTESIAN_POINT('',(0.,7.,0.));
#4624=CARTESIAN_POINT('',(0.,7.,0.));
#4625=CARTESIAN_POINT('',(0.,7.,0.));
#4626=CARTESIAN_POINT('',(-11.,7.,0.));
#4627=CARTESIAN_POINT('',(-11.,7.,0.));
#4628=CARTESIAN_POINT('',(-11.,7.,0.));
#4629=CARTESIAN_POINT('',(0.,7.,0.));
#4630=CARTESIAN_POINT('',(0.,57.325,0.));
#4631=CARTESIAN_POINT('',(0.,7.,0.));
#4632=CARTESIAN_POINT('',(0.,57.325,0.));
#4633=CARTESIAN_POINT('',(0.,-15.75,0.));
#4634=CARTESIAN_POINT('',(0.,-15.75,11.));
#4635=CARTESIAN_POINT('',(0.,-16.5,0.));
#4636=CARTESIAN_POINT('',(0.,-16.5,0.));
#4637=CARTESIAN_POINT('',(0.,-16.5,5.));
#4638=CARTESIAN_POINT('',(0.,57.325,0.));
#4639=CARTESIAN_POINT('',(0.,-14.5,0.));
#4640=CARTESIAN_POINT('',(0.,-14.5,5.));
#4641=CARTESIAN_POINT('',(-5.,-14.5,0.));
#4642=CARTESIAN_POINT('',(0.,-14.5,0.));
#4643=CARTESIAN_POINT('',(0.,-14.5,8.));
#4644=CARTESIAN_POINT('',(0.,57.325,0.));
#4645=CARTESIAN_POINT('',(0.,-16.5,0.));
#4646=CARTESIAN_POINT('',(0.,-16.5,8.));
#4647=CARTESIAN_POINT('',(-8.,-16.5,0.));
#4648=CARTESIAN_POINT('',(0.,-16.5,0.));
#4649=CARTESIAN_POINT('',(0.,-16.5,10.25));
#4650=CARTESIAN_POINT('',(0.,-16.5,0.));
#4651=CARTESIAN_POINT('',(0.,0.,0.));
#4652=CARTESIAN_POINT('',(-32.,20.,25.));
#4653=CARTESIAN_POINT('',(-34.,20.,25.));
#4654=CARTESIAN_POINT('',(-34.,20.,22.5));
#4655=CARTESIAN_POINT('',(-34.,20.,-22.5));
#4656=CARTESIAN_POINT('',(-34.,20.,22.5));
#4657=CARTESIAN_POINT('',(-32.,20.,22.5));
#4658=CARTESIAN_POINT('',(-32.,20.,25.));
#4659=CARTESIAN_POINT('',(-32.,20.,-22.5));
#4660=CARTESIAN_POINT('',(-34.,20.,-22.5));
#4661=CARTESIAN_POINT('',(-34.,20.,25.));
#4662=CARTESIAN_POINT('',(-34.,14.,-18.));
#4663=CARTESIAN_POINT('',(-34.,10.8,-18.));
#4664=CARTESIAN_POINT('',(-34.,17.2,-18.));
#4665=CARTESIAN_POINT('',(-34.,17.2,-18.));
#4666=CARTESIAN_POINT('',(-34.,17.2,-16.));
#4667=CARTESIAN_POINT('',(-34.,14.,-16.));
#4668=CARTESIAN_POINT('',(-34.,10.8,-16.));
#4669=CARTESIAN_POINT('',(-34.,10.8,-16.));
#4670=CARTESIAN_POINT('',(-34.,14.,16.));
#4671=CARTESIAN_POINT('',(-34.,10.8,16.));
#4672=CARTESIAN_POINT('',(-34.,17.2,16.));
#4673=CARTESIAN_POINT('',(-34.,17.2,16.));
#4674=CARTESIAN_POINT('',(-34.,17.2,18.));
#4675=CARTESIAN_POINT('',(-34.,14.,18.));
#4676=CARTESIAN_POINT('',(-34.,10.8,18.));
#4677=CARTESIAN_POINT('',(-34.,10.8,18.));
#4678=CARTESIAN_POINT('',(-34.,20.,-25.));
#4679=CARTESIAN_POINT('',(-34.,17.5,-25.));
#4680=CARTESIAN_POINT('',(-34.,3.,-25.));
#4681=CARTESIAN_POINT('',(-34.,3.,25.));
#4682=CARTESIAN_POINT('',(-34.,3.,25.));
#4683=CARTESIAN_POINT('',(-34.,20.,25.));
#4684=CARTESIAN_POINT('',(-34.,17.5,25.));
#4685=CARTESIAN_POINT('',(-34.,17.5,25.));
#4686=CARTESIAN_POINT('',(-34.,20.,-22.5));
#4687=CARTESIAN_POINT('',(-31.,3.,25.));
#4688=CARTESIAN_POINT('',(-31.,3.,-25.));
#4689=CARTESIAN_POINT('',(-32.,0.171572875253809,-25.));
#4690=CARTESIAN_POINT('',(-31.,3.,-24.7931279358109));
#4691=CARTESIAN_POINT('',(-31.,0.,-24.7931279358109));
#4692=CARTESIAN_POINT('',(-31.,-2.60208521396521E-15,25.));
#4693=CARTESIAN_POINT('',(-31.,0.,24.7931279358109));
#4694=CARTESIAN_POINT('',(-31.,3.,24.7931279358109));
#4695=CARTESIAN_POINT('',(-32.,0.171572875253807,25.));
#4696=CARTESIAN_POINT('',(-31.,3.,25.));
#4697=CARTESIAN_POINT('',(-31.,0.,25.));
#4698=CARTESIAN_POINT('',(0.,0.,0.));
#4699=CARTESIAN_POINT('',(16.,0.,0.));
#4700=CARTESIAN_POINT('',(-21.1219350138417,0.,-22.7496322419303));
#4701=CARTESIAN_POINT('',(3.4591809183564,0.,-17.664486048965));
#4702=CARTESIAN_POINT('',(-5.20417042793042E-15,0.,4.33680868994202E-15));
#4703=CARTESIAN_POINT('',(17.8255434699759,0.,-2.5));
#4704=CARTESIAN_POINT('',(-31.,0.,-2.5));
#4705=CARTESIAN_POINT('',(18.,0.,-2.5));
#4706=CARTESIAN_POINT('',(18.,0.,25.));
#4707=CARTESIAN_POINT('',(18.,0.,2.5));
#4708=CARTESIAN_POINT('',(-31.,0.,2.5));
#4709=CARTESIAN_POINT('',(17.8255434699759,0.,2.50000000000001));
#4710=CARTESIAN_POINT('',(-8.67361737988404E-15,0.,-3.46944695195361E-15));
#4711=CARTESIAN_POINT('',(3.4591809183564,0.,17.664486048965));
#4712=CARTESIAN_POINT('',(-31.0410397132816,0.,24.8016179060112));
#4713=CARTESIAN_POINT('',(18.,0.,25.));
#4714=CARTESIAN_POINT('',(18.,0.,-2.5));
#4715=CARTESIAN_POINT('',(18.,-2.2,-2.5));
#4716=CARTESIAN_POINT('',(18.,-2.2,25.));
#4717=CARTESIAN_POINT('',(18.,-2.2,2.5));
#4718=CARTESIAN_POINT('',(18.,0.,2.5));
#4719=CARTESIAN_POINT('',(18.,-2.2,25.));
#4720=CARTESIAN_POINT('',(18.,-2.2,-2.5));
#4721=CARTESIAN_POINT('',(20.,-2.2,-2.5));
#4722=CARTESIAN_POINT('',(20.,-2.2,25.));
#4723=CARTESIAN_POINT('',(20.,-2.2,2.5));
#4724=CARTESIAN_POINT('',(18.,-2.2,2.5));
#4725=CARTESIAN_POINT('',(20.,-2.2,25.));
#4726=CARTESIAN_POINT('',(20.,-2.2,-2.5));
#4727=CARTESIAN_POINT('',(20.,1.30104260698261E-15,-2.5));
#4728=CARTESIAN_POINT('',(20.,0.,25.));
#4729=CARTESIAN_POINT('',(20.,0.,2.5));
#4730=CARTESIAN_POINT('',(20.,-2.2,2.5));
#4731=CARTESIAN_POINT('',(18.,1.30104260698261E-15,25.));
#4732=CARTESIAN_POINT('',(18.,1.30104260698261E-15,-2.5));
#4733=CARTESIAN_POINT('',(18.,2.,-2.5));
#4734=CARTESIAN_POINT('',(18.,2.,25.));
#4735=CARTESIAN_POINT('',(18.,2.,2.5));
#4736=CARTESIAN_POINT('',(18.,1.30104260698261E-15,2.5));
#4737=CARTESIAN_POINT('',(18.,2.,25.));
#4738=CARTESIAN_POINT('',(0.,2.,0.));
#4739=CARTESIAN_POINT('',(16.,2.,0.));
#4740=CARTESIAN_POINT('',(-5.20417042793042E-15,2.,4.33680868994202E-15));
#4741=CARTESIAN_POINT('',(17.8255434699759,2.,-2.5));
#4742=CARTESIAN_POINT('',(3.4591809183564,2.,-17.664486048965));
#4743=CARTESIAN_POINT('',(25.8671190353591,2.,-13.0289096364791));
#4744=CARTESIAN_POINT('',(-31.,2.,-24.7931279358109));
#4745=CARTESIAN_POINT('',(-31.,2.,25.));
#4746=CARTESIAN_POINT('',(-31.,2.,24.7931279358109));
#4747=CARTESIAN_POINT('',(15.9480143359191,2.,15.08089530056));
#4748=CARTESIAN_POINT('',(3.4591809183564,2.,17.664486048965));
#4749=CARTESIAN_POINT('',(-8.67361737988404E-15,2.,-3.46944695195361E-15));
#4750=CARTESIAN_POINT('',(17.8255434699759,2.,2.50000000000001));
#4751=CARTESIAN_POINT('',(18.,2.,2.5));
#4752=CARTESIAN_POINT('',(18.,2.,-2.5));
#4753=CARTESIAN_POINT('',(-31.,3.00000000000001,25.));
#4754=CARTESIAN_POINT('',(-31.,3.00000000000001,-24.7931279358109));
#4755=CARTESIAN_POINT('',(-32.,3.00000000000001,-25.));
#4756=CARTESIAN_POINT('',(-32.,3.,25.));
#4757=CARTESIAN_POINT('',(-32.,3.,25.));
#4758=CARTESIAN_POINT('',(-31.,3.00000000000001,24.7931279358109));
#4759=CARTESIAN_POINT('',(-32.,3.,25.));
#4760=CARTESIAN_POINT('',(-32.,14.,-16.));
#4761=CARTESIAN_POINT('',(-32.,10.8,-16.));
#4762=CARTESIAN_POINT('',(-32.,17.2,-16.));
#4763=CARTESIAN_POINT('',(-32.,17.2,25.));
#4764=CARTESIAN_POINT('',(-32.,17.2,-18.));
#4765=CARTESIAN_POINT('',(-32.,14.,-18.));
#4766=CARTESIAN_POINT('',(-32.,10.8,-18.));
#4767=CARTESIAN_POINT('',(-32.,10.8,25.));
#4768=CARTESIAN_POINT('',(-32.,14.,18.));
#4769=CARTESIAN_POINT('',(-32.,10.8,18.));
#4770=CARTESIAN_POINT('',(-32.,17.2,18.));
#4771=CARTESIAN_POINT('',(-32.,17.2,25.));
#4772=CARTESIAN_POINT('',(-32.,17.2,16.));
#4773=CARTESIAN_POINT('',(-32.,14.,16.));
#4774=CARTESIAN_POINT('',(-32.,10.8,16.));
#4775=CARTESIAN_POINT('',(-32.,10.8,25.));
#4776=CARTESIAN_POINT('',(-32.,10.25,32.25));
#4777=CARTESIAN_POINT('',(-32.,17.5,25.));
#4778=CARTESIAN_POINT('',(-32.,3.,25.));
#4779=CARTESIAN_POINT('',(-32.,3.,-25.));
#4780=CARTESIAN_POINT('',(-32.,17.5,-25.));
#4781=CARTESIAN_POINT('',(-32.,35.25,-7.24999999999997));
#4782=CARTESIAN_POINT('',(-31.,3.,25.));
#4783=CARTESIAN_POINT('',(-32.,3.,25.));
#4784=CARTESIAN_POINT('',(-34.,17.5,25.));
#4785=CARTESIAN_POINT('',(-31.,3.,-25.));
#4786=CARTESIAN_POINT('',(-34.,17.5,-25.));
#4787=CARTESIAN_POINT('',(-32.,3.,-25.));
#4788=CARTESIAN_POINT('',(-34.,20.,-22.5));
#4789=CARTESIAN_POINT('',(-34.,17.5,25.));
#4790=CARTESIAN_POINT('',(-34.,17.2,16.));
#4791=CARTESIAN_POINT('',(-34.,17.2,18.));
#4792=CARTESIAN_POINT('',(-34.,17.2,16.));
#4793=CARTESIAN_POINT('',(-34.,14.,18.));
#4794=CARTESIAN_POINT('',(-34.,10.8,18.));
#4795=CARTESIAN_POINT('',(-34.,10.8,18.));
#4796=CARTESIAN_POINT('',(-34.,10.8,16.));
#4797=CARTESIAN_POINT('',(-34.,14.,16.));
#4798=CARTESIAN_POINT('',(-34.,17.2,-18.));
#4799=CARTESIAN_POINT('',(-34.,17.2,-16.));
#4800=CARTESIAN_POINT('',(-34.,17.2,-18.));
#4801=CARTESIAN_POINT('',(-34.,14.,-16.));
#4802=CARTESIAN_POINT('',(-34.,10.8,-16.));
#4803=CARTESIAN_POINT('',(-34.,10.8,-16.));
#4804=CARTESIAN_POINT('',(-34.,10.8,-18.));
#4805=CARTESIAN_POINT('',(-34.,14.,-18.));
#4806=CARTESIAN_POINT('',(0.,2.,0.));
#4807=CARTESIAN_POINT('',(22.,6.,-2.5));
#4808=CARTESIAN_POINT('',(17.8255434699759,6.,-2.5));
#4809=CARTESIAN_POINT('',(3.4591809183564,6.,-17.664486048965));
#4810=CARTESIAN_POINT('',(3.4591809183564,6.,-17.664486048965));
#4811=CARTESIAN_POINT('',(-5.20417042793042E-15,6.,4.33680868994202E-15));
#4812=CARTESIAN_POINT('',(17.8255434699759,6.,2.5));
#4813=CARTESIAN_POINT('',(17.8255434699759,6.,2.50000000000001));
#4814=CARTESIAN_POINT('',(-8.67361737988404E-15,6.,-3.46944695195361E-15));
#4815=CARTESIAN_POINT('',(3.4591809183564,6.,17.664486048965));
#4816=CARTESIAN_POINT('',(-32.,6.,25.));
#4817=CARTESIAN_POINT('',(0.,21.4,0.));
#4818=CARTESIAN_POINT('',(0.,7.,0.));
#4819=CARTESIAN_POINT('',(0.,6.,0.));
#4820=CARTESIAN_POINT('',(-12.8726392718068,6.,-13.9748044057131));
#4821=CARTESIAN_POINT('',(-17.2686930914503,6.,-7.92415540693752));
#4822=CARTESIAN_POINT('',(-17.2686930914503,5.99999999999999,-7.92415540693751));
#4823=CARTESIAN_POINT('',(-16.9586596991874,6.33370231467057,-7.67964681555289));
#4824=CARTESIAN_POINT('',(-16.6483980827398,6.66706005959268,-7.43495823460803));
#4825=CARTESIAN_POINT('',(-16.3378597353975,7.,-7.19005140916781));
#4826=CARTESIAN_POINT('',(-16.3378597353975,7.,-7.19005140916781));
#4827=CARTESIAN_POINT('',(0.,7.,0.));
#4828=CARTESIAN_POINT('',(-11.8868215551382,7.,-13.3163798878036));
#4829=CARTESIAN_POINT('',(-11.8868215551382,7.,-13.3163798878036));
#4830=CARTESIAN_POINT('',(-12.2157034140932,6.66706005959167,-13.5360390355043));
#4831=CARTESIAN_POINT('',(-12.5442921956483,6.33370231466963,-13.7555024377415));
#4832=CARTESIAN_POINT('',(-12.8726392718068,6.,-13.9748044057131));
#4833=CARTESIAN_POINT('',(0.,7.,0.));
#4834=CARTESIAN_POINT('',(0.,6.,0.));
#4835=CARTESIAN_POINT('',(-2.2,6.,-18.8722017793367));
#4836=CARTESIAN_POINT('',(-9.31296449655701,6.,-16.5610595158));
#4837=CARTESIAN_POINT('',(-9.31296449655701,6.,-16.5610595158));
#4838=CARTESIAN_POINT('',(-9.20586075746504,6.33370231467766,-16.1810148544007));
#4839=CARTESIAN_POINT('',(-9.09867817634028,6.66706005960022,-15.800690431586));
#4840=CARTESIAN_POINT('',(-8.99139999611723,7.,-15.420026786936));
#4841=CARTESIAN_POINT('',(-8.99139999611723,7.,-15.420026786936));
#4842=CARTESIAN_POINT('',(0.,7.,0.));
#4843=CARTESIAN_POINT('',(-1.78946893523418,7.,-17.7600760395284));
#4844=CARTESIAN_POINT('',(-1.78946893523418,7.,-17.7600760395284));
#4845=CARTESIAN_POINT('',(-1.92642754071787,6.66706005959881,-18.1310959294204));
#4846=CARTESIAN_POINT('',(-2.06326409790409,6.33370231467634,-18.5017851913411));
#4847=CARTESIAN_POINT('',(-2.2,6.,-18.8722017793367));
#4848=CARTESIAN_POINT('',(0.,7.,0.));
#4849=CARTESIAN_POINT('',(0.,6.,0.));
#4850=CARTESIAN_POINT('',(9.31296449655701,6.,-16.5610595158));
#4851=CARTESIAN_POINT('',(2.2,6.,-18.8722017793367));
#4852=CARTESIAN_POINT('',(2.2,6.,-18.8722017793367));
#4853=CARTESIAN_POINT('',(2.06326409790409,6.33370231467634,-18.5017851913411));
#4854=CARTESIAN_POINT('',(1.92642754071787,6.66706005959881,-18.1310959294204));
#4855=CARTESIAN_POINT('',(1.78946893523418,7.,-17.7600760395284));
#4856=CARTESIAN_POINT('',(1.78946893523418,7.,-17.7600760395284));
#4857=CARTESIAN_POINT('',(0.,7.,0.));
#4858=CARTESIAN_POINT('',(8.99139999611723,7.,-15.420026786936));
#4859=CARTESIAN_POINT('',(8.99139999611723,7.,-15.420026786936));
#4860=CARTESIAN_POINT('',(9.09867817634028,6.66706005960022,-15.800690431586));
#4861=CARTESIAN_POINT('',(9.20586075746504,6.33370231467766,-16.1810148544007));
#4862=CARTESIAN_POINT('',(9.31296449655701,6.,-16.5610595158));
#4863=CARTESIAN_POINT('',(0.,7.,0.));
#4864=CARTESIAN_POINT('',(0.,6.,0.));
#4865=CARTESIAN_POINT('',(17.2686930914503,6.,-7.9241554069375));
#4866=CARTESIAN_POINT('',(12.8726392718068,6.,-13.9748044057131));
#4867=CARTESIAN_POINT('',(12.8726392718068,6.,-13.9748044057131));
#4868=CARTESIAN_POINT('',(12.5442921956483,6.33370231466963,-13.7555024377415));
#4869=CARTESIAN_POINT('',(12.2157034140932,6.66706005959167,-13.5360390355042));
#4870=CARTESIAN_POINT('',(11.8868215551382,7.,-13.3163798878036));
#4871=CARTESIAN_POINT('',(11.8868215551382,7.,-13.3163798878036));
#4872=CARTESIAN_POINT('',(0.,7.,0.));
#4873=CARTESIAN_POINT('',(16.3378597353975,7.,-7.19005140916781));
#4874=CARTESIAN_POINT('',(16.3378597353975,7.,-7.19005140916781));
#4875=CARTESIAN_POINT('',(16.6483980827398,6.66706005959268,-7.43495823460803));
#4876=CARTESIAN_POINT('',(16.9586596991874,6.33370231467057,-7.67964681555288));
#4877=CARTESIAN_POINT('',(17.2686930914503,6.,-7.9241554069375));
#4878=CARTESIAN_POINT('',(0.,7.,0.));
#4879=CARTESIAN_POINT('',(0.,6.,0.));
#4880=CARTESIAN_POINT('',(18.6283678667001,6.,3.73950673523883));
#4881=CARTESIAN_POINT('',(18.6283678667001,6.,-3.73950673523882));
#4882=CARTESIAN_POINT('',(18.6283678667001,5.99999999999999,-3.73950673523883));
#4883=CARTESIAN_POINT('',(18.2338270394504,6.33370231467954,-3.75508528524976));
#4884=CARTESIAN_POINT('',(17.8389957797576,6.66706005960221,-3.77067530306333));
#4885=CARTESIAN_POINT('',(17.4438123591843,7.,-3.78627922604338));
#4886=CARTESIAN_POINT('',(17.4438123591843,7.,-3.78627922604338));
#4887=CARTESIAN_POINT('',(0.,7.,0.));
#4888=CARTESIAN_POINT('',(17.4438123591843,7.,3.78627922604338));
#4889=CARTESIAN_POINT('',(17.4438123591843,7.,3.78627922604338));
#4890=CARTESIAN_POINT('',(17.8389957797576,6.66706005960221,3.77067530306333));
#4891=CARTESIAN_POINT('',(18.2338270394504,6.33370231467954,3.75508528524976));
#4892=CARTESIAN_POINT('',(18.6283678667001,6.,3.73950673523883));
#4893=CARTESIAN_POINT('',(0.,7.,0.));
#4894=CARTESIAN_POINT('',(0.,6.,0.));
#4895=CARTESIAN_POINT('',(12.8726392718068,6.,13.9748044057131));
#4896=CARTESIAN_POINT('',(17.2686930914503,6.,7.92415540693752));
#4897=CARTESIAN_POINT('',(17.2686930914503,6.,7.92415540693751));
#4898=CARTESIAN_POINT('',(16.9586596991874,6.33370231467057,7.67964681555288));
#4899=CARTESIAN_POINT('',(16.6483980827398,6.66706005959268,7.43495823460803));
#4900=CARTESIAN_POINT('',(16.3378597353975,7.,7.19005140916781));
#4901=CARTESIAN_POINT('',(16.3378597353975,7.,7.19005140916781));
#4902=CARTESIAN_POINT('',(0.,7.,0.));
#4903=CARTESIAN_POINT('',(11.8868215551382,7.,13.3163798878036));
#4904=CARTESIAN_POINT('',(11.8868215551382,7.,13.3163798878036));
#4905=CARTESIAN_POINT('',(12.2157034140932,6.66706005959167,13.5360390355043));
#4906=CARTESIAN_POINT('',(12.5442921956483,6.33370231466963,13.7555024377415));
#4907=CARTESIAN_POINT('',(12.8726392718068,6.,13.9748044057131));
#4908=CARTESIAN_POINT('',(0.,7.,0.));
#4909=CARTESIAN_POINT('',(0.,6.,0.));
#4910=CARTESIAN_POINT('',(2.2,6.,18.8722017793367));
#4911=CARTESIAN_POINT('',(9.312964496557,6.,16.5610595158));
#4912=CARTESIAN_POINT('',(9.31296449655701,6.,16.5610595158));
#4913=CARTESIAN_POINT('',(9.20586075746504,6.33370231467766,16.1810148544007));
#4914=CARTESIAN_POINT('',(9.09867817634028,6.66706005960022,15.800690431586));
#4915=CARTESIAN_POINT('',(8.99139999611723,7.,15.420026786936));
#4916=CARTESIAN_POINT('',(8.99139999611723,7.,15.420026786936));
#4917=CARTESIAN_POINT('',(0.,7.,0.));
#4918=CARTESIAN_POINT('',(1.78946893523418,7.,17.7600760395284));
#4919=CARTESIAN_POINT('',(1.78946893523418,7.,17.7600760395284));
#4920=CARTESIAN_POINT('',(1.92642754071787,6.6670600595988,18.1310959294204));
#4921=CARTESIAN_POINT('',(2.06326409790409,6.33370231467634,18.5017851913411));
#4922=CARTESIAN_POINT('',(2.2,6.,18.8722017793367));
#4923=CARTESIAN_POINT('',(0.,7.,0.));
#4924=CARTESIAN_POINT('',(0.,6.,0.));
#4925=CARTESIAN_POINT('',(-9.31296449655701,6.,16.5610595158));
#4926=CARTESIAN_POINT('',(-2.2,6.,18.8722017793367));
#4927=CARTESIAN_POINT('',(-2.2,6.,18.8722017793367));
#4928=CARTESIAN_POINT('',(-2.06326409790409,6.33370231467634,18.5017851913411));
#4929=CARTESIAN_POINT('',(-1.92642754071787,6.66706005959881,18.1310959294204));
#4930=CARTESIAN_POINT('',(-1.78946893523418,7.,17.7600760395284));
#4931=CARTESIAN_POINT('',(-1.78946893523418,7.,17.7600760395284));
#4932=CARTESIAN_POINT('',(0.,7.,0.));
#4933=CARTESIAN_POINT('',(-8.99139999611723,7.,15.420026786936));
#4934=CARTESIAN_POINT('',(-8.99139999611723,7.,15.420026786936));
#4935=CARTESIAN_POINT('',(-9.09867817634028,6.66706005960022,15.800690431586));
#4936=CARTESIAN_POINT('',(-9.20586075746504,6.33370231467766,16.1810148544007));
#4937=CARTESIAN_POINT('',(-9.31296449655701,6.,16.5610595158));
#4938=CARTESIAN_POINT('',(0.,7.,0.));
#4939=CARTESIAN_POINT('',(0.,6.,0.));
#4940=CARTESIAN_POINT('',(-17.2686930914503,6.,7.9241554069375));
#4941=CARTESIAN_POINT('',(-12.8726392718068,6.,13.9748044057131));
#4942=CARTESIAN_POINT('',(-12.8726392718068,6.,13.9748044057131));
#4943=CARTESIAN_POINT('',(-12.5442921956483,6.33370231466963,13.7555024377415));
#4944=CARTESIAN_POINT('',(-12.2157034140932,6.66706005959167,13.5360390355043));
#4945=CARTESIAN_POINT('',(-11.8868215551382,7.,13.3163798878036));
#4946=CARTESIAN_POINT('',(-11.8868215551382,7.,13.3163798878036));
#4947=CARTESIAN_POINT('',(0.,7.,0.));
#4948=CARTESIAN_POINT('',(-16.3378597353975,7.,7.19005140916781));
#4949=CARTESIAN_POINT('',(-16.3378597353975,7.,7.19005140916781));
#4950=CARTESIAN_POINT('',(-16.6483980827398,6.66706005959268,7.43495823460803));
#4951=CARTESIAN_POINT('',(-16.9586596991874,6.33370231467057,7.67964681555288));
#4952=CARTESIAN_POINT('',(-17.2686930914503,6.,7.9241554069375));
#4953=CARTESIAN_POINT('',(0.,7.,0.));
#4954=CARTESIAN_POINT('',(0.,6.,0.));
#4955=CARTESIAN_POINT('',(-18.6283678667001,6.,-3.73950673523883));
#4956=CARTESIAN_POINT('',(-18.6283678667001,6.,3.73950673523881));
#4957=CARTESIAN_POINT('',(-18.6283678667001,6.,3.73950673523883));
#4958=CARTESIAN_POINT('',(-18.2338270394504,6.33370231467954,3.75508528524976));
#4959=CARTESIAN_POINT('',(-17.8389957797576,6.66706005960221,3.77067530306333));
#4960=CARTESIAN_POINT('',(-17.4438123591843,7.,3.78627922604338));
#4961=CARTESIAN_POINT('',(-17.4438123591843,7.,3.78627922604338));
#4962=CARTESIAN_POINT('',(0.,7.,0.));
#4963=CARTESIAN_POINT('',(-17.4438123591843,7.,-3.78627922604338));
#4964=CARTESIAN_POINT('',(-17.4438123591843,7.,-3.78627922604338));
#4965=CARTESIAN_POINT('',(-17.8389957797576,6.66706005960221,-3.77067530306333));
#4966=CARTESIAN_POINT('',(-18.2338270394504,6.33370231467954,-3.75508528524976));
#4967=CARTESIAN_POINT('',(-18.6283678667001,6.,-3.73950673523883));
#4968=CARTESIAN_POINT('',(0.,7.,0.));
#4969=CARTESIAN_POINT('',(0.,0.,0.));
#4970=CARTESIAN_POINT('',(0.,0.,19.));
#4971=CARTESIAN_POINT('',(0.,1.5,0.));
#4972=CARTESIAN_POINT('',(2.2,1.5,18.8722017793367));
#4973=CARTESIAN_POINT('',(-2.2,1.5,18.8722017793367));
#4974=CARTESIAN_POINT('',(-2.2,1.5,18.8722017793367));
#4975=CARTESIAN_POINT('',(-9.31296449655701,1.5,16.5610595158));
#4976=CARTESIAN_POINT('',(-9.31296449655701,1.5,16.5610595158));
#4977=CARTESIAN_POINT('',(0.,1.5,0.));
#4978=CARTESIAN_POINT('',(-12.8726392718068,1.5,13.9748044057131));
#4979=CARTESIAN_POINT('',(-12.8726392718068,1.5,13.9748044057131));
#4980=CARTESIAN_POINT('',(-17.2686930914503,1.5,7.9241554069375));
#4981=CARTESIAN_POINT('',(-17.2686930914503,1.5,7.9241554069375));
#4982=CARTESIAN_POINT('',(0.,1.5,0.));
#4983=CARTESIAN_POINT('',(-18.6283678667001,1.5,3.73950673523881));
#4984=CARTESIAN_POINT('',(-18.6283678667001,1.5,3.73950673523881));
#4985=CARTESIAN_POINT('',(-18.6283678667001,1.5,-3.73950673523883));
#4986=CARTESIAN_POINT('',(-18.6283678667001,1.5,-3.73950673523883));
#4987=CARTESIAN_POINT('',(0.,1.5,0.));
#4988=CARTESIAN_POINT('',(-17.2686930914503,1.5,-7.92415540693752));
#4989=CARTESIAN_POINT('',(-17.2686930914503,1.5,-7.92415540693752));
#4990=CARTESIAN_POINT('',(-12.8726392718068,1.5,-13.9748044057131));
#4991=CARTESIAN_POINT('',(-12.8726392718068,1.5,-13.9748044057131));
#4992=CARTESIAN_POINT('',(0.,1.5,0.));
#4993=CARTESIAN_POINT('',(-9.31296449655701,1.5,-16.5610595158));
#4994=CARTESIAN_POINT('',(-9.31296449655701,1.5,-16.5610595158));
#4995=CARTESIAN_POINT('',(-2.2,1.5,-18.8722017793367));
#4996=CARTESIAN_POINT('',(-2.2,1.5,-18.8722017793367));
#4997=CARTESIAN_POINT('',(0.,1.5,0.));
#4998=CARTESIAN_POINT('',(2.2,1.5,-18.8722017793367));
#4999=CARTESIAN_POINT('',(2.2,1.5,-18.8722017793367));
#5000=CARTESIAN_POINT('',(9.31296449655701,1.5,-16.5610595158));
#5001=CARTESIAN_POINT('',(9.31296449655701,1.5,-16.5610595158));
#5002=CARTESIAN_POINT('',(0.,1.5,0.));
#5003=CARTESIAN_POINT('',(12.8726392718068,1.5,-13.9748044057131));
#5004=CARTESIAN_POINT('',(12.8726392718068,1.5,-13.9748044057131));
#5005=CARTESIAN_POINT('',(17.2686930914503,1.5,-7.9241554069375));
#5006=CARTESIAN_POINT('',(17.2686930914503,1.5,-7.9241554069375));
#5007=CARTESIAN_POINT('',(0.,1.5,0.));
#5008=CARTESIAN_POINT('',(18.6283678667001,1.5,-3.73950673523882));
#5009=CARTESIAN_POINT('',(18.6283678667001,1.5,-3.73950673523882));
#5010=CARTESIAN_POINT('',(18.6283678667001,1.5,3.73950673523883));
#5011=CARTESIAN_POINT('',(18.6283678667001,1.5,3.73950673523883));
#5012=CARTESIAN_POINT('',(0.,1.5,0.));
#5013=CARTESIAN_POINT('',(17.2686930914503,1.5,7.92415540693752));
#5014=CARTESIAN_POINT('',(17.2686930914503,1.5,7.92415540693752));
#5015=CARTESIAN_POINT('',(12.8726392718068,1.5,13.9748044057131));
#5016=CARTESIAN_POINT('',(12.8726392718068,1.5,13.9748044057131));
#5017=CARTESIAN_POINT('',(0.,1.5,0.));
#5018=CARTESIAN_POINT('',(9.312964496557,1.5,16.5610595158));
#5019=CARTESIAN_POINT('',(9.312964496557,1.5,16.5610595158));
#5020=CARTESIAN_POINT('',(2.2,1.5,18.8722017793367));
#5021=CARTESIAN_POINT('',(-14.188,7.,0.));
#5022=CARTESIAN_POINT('',(-17.1856566942929,7.,-3.79647257146761));
#5023=CARTESIAN_POINT('',(-17.1856566942929,7.,-3.79647257146761));
#5024=CARTESIAN_POINT('',(-14.3423377139058,7.,3.908741781328));
#5025=CARTESIAN_POINT('',(-17.1856566942929,7.,3.79647257146761));
#5026=CARTESIAN_POINT('',(-2.67147415300428E-13,7.,1.11022302462516E-13));
#5027=CARTESIAN_POINT('',(-16.1349989134181,7.,7.03006472687113));
#5028=CARTESIAN_POINT('',(-16.1349989134181,7.,7.03006472687113));
#5029=CARTESIAN_POINT('',(-7.32776448960616,7.,10.2714001722445));
#5030=CARTESIAN_POINT('',(-11.671977736935,7.,13.1728863848624));
#5031=CARTESIAN_POINT('',(-1.38777878078145E-13,7.,2.13370987545147E-13));
#5032=CARTESIAN_POINT('',(-8.92131995606016,7.,15.1713562426568));
#5033=CARTESIAN_POINT('',(-8.92131995606017,7.,15.1713562426568));
#5034=CARTESIAN_POINT('',(2.49340908597269,7.,6.15778988717511));
#5035=CARTESIAN_POINT('',(-1.7,7.,17.5177053291805));
#5036=CARTESIAN_POINT('',(5.30174862345412E-14,7.,-7.97972798949331E-14));
#5037=CARTESIAN_POINT('',(1.7,7.,17.5177053291805));
#5038=CARTESIAN_POINT('',(1.7,7.,17.5177053291805));
#5039=CARTESIAN_POINT('',(3.25999423748061,7.,-4.91717319645816));
#5040=CARTESIAN_POINT('',(8.92131995606017,7.,15.1713562426568));
#5041=CARTESIAN_POINT('',(-3.20923843055709E-13,7.,-4.45823933326039E-13));
#5042=CARTESIAN_POINT('',(11.671977736935,7.,13.1728863848624));
#5043=CARTESIAN_POINT('',(11.671977736935,7.,13.1728863848624));
#5044=CARTESIAN_POINT('',(-5.9783678798494,7.,-10.409695958032));
#5045=CARTESIAN_POINT('',(16.1349989134181,7.,7.03006472687112));
#5046=CARTESIAN_POINT('',(2.56739074444567E-13,7.,9.36750677027476E-14));
#5047=CARTESIAN_POINT('',(17.1856566942929,7.,3.79647257146761));
#5048=CARTESIAN_POINT('',(17.1856566942929,7.,3.79647257146761));
#5049=CARTESIAN_POINT('',(-13.9894905199627,7.,-5.02743159124995));
#5050=CARTESIAN_POINT('',(17.1856566942929,7.,-3.79647257146761));
#5051=CARTESIAN_POINT('',(-3.85108611666851E-13,7.,1.01481323344643E-13));
#5052=CARTESIAN_POINT('',(16.1349989134181,7.,-7.03006472687113));
#5053=CARTESIAN_POINT('',(16.1349989134181,7.,-7.03006472687113));
#5054=CARTESIAN_POINT('',(-12.2948560336187,7.,2.83448567223557));
#5055=CARTESIAN_POINT('',(11.671977736935,7.,-13.1728863848624));
#5056=CARTESIAN_POINT('',(-1.59594559789866E-13,7.,2.39391839684799E-13));
#5057=CARTESIAN_POINT('',(8.92131995606017,7.,-15.1713562426568));
#5058=CARTESIAN_POINT('',(8.92131995606017,7.,-15.1713562426568));
#5059=CARTESIAN_POINT('',(-5.8963610514148,7.,3.06078282731161));
#5060=CARTESIAN_POINT('',(1.7,7.,-17.5177053291805));
#5061=CARTESIAN_POINT('',(5.44269490587723E-14,7.,1.07552855510562E-13));
#5062=CARTESIAN_POINT('',(-1.7,7.,-17.5177053291805));
#5063=CARTESIAN_POINT('',(-1.7,7.,-17.5177053291805));
#5064=CARTESIAN_POINT('',(-5.34784745859877,7.,-2.49132138270676));
#5065=CARTESIAN_POINT('',(-8.92131995606017,7.,-15.1713562426568));
#5066=CARTESIAN_POINT('',(2.94902990916057E-14,7.,7.28583859910259E-14));
#5067=CARTESIAN_POINT('',(-11.671977736935,7.,-13.1728863848624));
#5068=CARTESIAN_POINT('',(-11.671977736935,7.,-13.1728863848624));
#5069=CARTESIAN_POINT('',(-11.5163781764969,7.,-3.38757821184805));
#5070=CARTESIAN_POINT('',(-16.1349989134181,7.,-7.03006472687113));
#5071=CARTESIAN_POINT('',(8.74300631892311E-13,7.,2.94035629178069E-13));
#5072=CARTESIAN_POINT('',(0.,7.,0.));
#5073=CARTESIAN_POINT('',(0.,7.,14.188));
#5074=CARTESIAN_POINT('',(-19.,0.,0.));
#5075=CARTESIAN_POINT('',(0.,0.,0.));
#5076=CARTESIAN_POINT('',(0.,0.,14.188));
#5077=CARTESIAN_POINT('',(0.,7.,0.));
#5078=CARTESIAN_POINT('',(-18.6283678667001,1.5,3.73950673523883));
#5079=CARTESIAN_POINT('',(-18.6283678667001,1.5,3.73950673523883));
#5080=CARTESIAN_POINT('',(-17.1856566942929,1.5,3.79647257146761));
#5081=CARTESIAN_POINT('',(-17.1856566942929,1.5,3.79647257146761));
#5082=CARTESIAN_POINT('',(-2.67147415300428E-13,1.5,1.11022302462516E-13));
#5083=CARTESIAN_POINT('',(-2.67147415300428E-13,1.5,1.11022302462516E-13));
#5084=CARTESIAN_POINT('',(-16.1349989134181,1.5,7.03006472687113));
#5085=CARTESIAN_POINT('',(-16.1349989134181,1.5,7.03006472687113));
#5086=CARTESIAN_POINT('',(-16.1349989134181,1.5,7.03006472687113));
#5087=CARTESIAN_POINT('',(-16.1349989134181,1.5,7.03006472687113));
#5088=CARTESIAN_POINT('',(0.,1.5,0.));
#5089=CARTESIAN_POINT('',(-12.8726392718068,1.5,13.9748044057131));
#5090=CARTESIAN_POINT('',(-12.8726392718068,1.5,13.9748044057131));
#5091=CARTESIAN_POINT('',(-11.671977736935,1.5,13.1728863848624));
#5092=CARTESIAN_POINT('',(-11.671977736935,1.5,13.1728863848624));
#5093=CARTESIAN_POINT('',(-1.38777878078145E-13,1.5,2.13370987545147E-13));
#5094=CARTESIAN_POINT('',(-1.38777878078145E-13,1.5,2.13370987545147E-13));
#5095=CARTESIAN_POINT('',(-8.92131995606016,1.5,15.1713562426568));
#5096=CARTESIAN_POINT('',(-8.92131995606016,1.5,15.1713562426568));
#5097=CARTESIAN_POINT('',(-8.92131995606017,1.5,15.1713562426568));
#5098=CARTESIAN_POINT('',(-8.92131995606017,1.5,15.1713562426568));
#5099=CARTESIAN_POINT('',(0.,1.5,0.));
#5100=CARTESIAN_POINT('',(-2.2,1.5,18.8722017793367));
#5101=CARTESIAN_POINT('',(-2.2,1.5,18.8722017793367));
#5102=CARTESIAN_POINT('',(-1.7,1.5,17.5177053291805));
#5103=CARTESIAN_POINT('',(-1.7,1.5,17.5177053291805));
#5104=CARTESIAN_POINT('',(5.30174862345412E-14,1.5,-7.97972798949331E-14));
#5105=CARTESIAN_POINT('',(5.30174862345412E-14,1.5,-7.97972798949331E-14));
#5106=CARTESIAN_POINT('',(1.7,1.5,17.5177053291805));
#5107=CARTESIAN_POINT('',(1.7,1.5,17.5177053291805));
#5108=CARTESIAN_POINT('',(1.7,1.5,17.5177053291805));
#5109=CARTESIAN_POINT('',(1.7,1.5,17.5177053291805));
#5110=CARTESIAN_POINT('',(0.,1.5,0.));
#5111=CARTESIAN_POINT('',(9.31296449655701,1.5,16.5610595158));
#5112=CARTESIAN_POINT('',(9.31296449655701,1.5,16.5610595158));
#5113=CARTESIAN_POINT('',(8.92131995606017,1.5,15.1713562426568));
#5114=CARTESIAN_POINT('',(8.92131995606017,1.5,15.1713562426568));
#5115=CARTESIAN_POINT('',(-3.20923843055709E-13,1.5,-4.45823933326039E-13));
#5116=CARTESIAN_POINT('',(-3.20923843055709E-13,1.5,-4.45823933326039E-13));
#5117=CARTESIAN_POINT('',(11.671977736935,1.5,13.1728863848624));
#5118=CARTESIAN_POINT('',(11.671977736935,1.5,13.1728863848624));
#5119=CARTESIAN_POINT('',(11.671977736935,1.5,13.1728863848624));
#5120=CARTESIAN_POINT('',(11.671977736935,1.5,13.1728863848624));
#5121=CARTESIAN_POINT('',(0.,1.5,0.));
#5122=CARTESIAN_POINT('',(17.2686930914503,1.5,7.92415540693751));
#5123=CARTESIAN_POINT('',(17.2686930914503,1.5,7.92415540693751));
#5124=CARTESIAN_POINT('',(16.1349989134181,1.5,7.03006472687113));
#5125=CARTESIAN_POINT('',(16.1349989134181,1.5,7.03006472687113));
#5126=CARTESIAN_POINT('',(2.56739074444567E-13,1.5,9.36750677027476E-14));
#5127=CARTESIAN_POINT('',(2.56739074444567E-13,1.5,9.36750677027476E-14));
#5128=CARTESIAN_POINT('',(17.1856566942929,1.5,3.79647257146761));
#5129=CARTESIAN_POINT('',(17.1856566942929,1.5,3.79647257146761));
#5130=CARTESIAN_POINT('',(17.1856566942929,1.5,3.79647257146761));
#5131=CARTESIAN_POINT('',(17.1856566942929,1.5,3.79647257146761));
#5132=CARTESIAN_POINT('',(0.,1.5,0.));
#5133=CARTESIAN_POINT('',(18.6283678667001,1.5,-3.73950673523883));
#5134=CARTESIAN_POINT('',(18.6283678667001,1.5,-3.73950673523883));
#5135=CARTESIAN_POINT('',(17.1856566942929,1.5,-3.79647257146761));
#5136=CARTESIAN_POINT('',(17.1856566942929,1.5,-3.79647257146761));
#5137=CARTESIAN_POINT('',(-3.85108611666851E-13,1.5,1.01481323344643E-13));
#5138=CARTESIAN_POINT('',(-3.85108611666851E-13,1.5,1.01481323344643E-13));
#5139=CARTESIAN_POINT('',(16.1349989134181,1.5,-7.03006472687113));
#5140=CARTESIAN_POINT('',(16.1349989134181,1.5,-7.03006472687113));
#5141=CARTESIAN_POINT('',(16.1349989134181,1.5,-7.03006472687113));
#5142=CARTESIAN_POINT('',(16.1349989134181,1.5,-7.03006472687113));
#5143=CARTESIAN_POINT('',(0.,1.5,0.));
#5144=CARTESIAN_POINT('',(12.8726392718068,1.5,-13.9748044057131));
#5145=CARTESIAN_POINT('',(12.8726392718068,1.5,-13.9748044057131));
#5146=CARTESIAN_POINT('',(11.671977736935,1.5,-13.1728863848624));
#5147=CARTESIAN_POINT('',(11.671977736935,1.5,-13.1728863848624));
#5148=CARTESIAN_POINT('',(-1.59594559789866E-13,1.5,2.39391839684799E-13));
#5149=CARTESIAN_POINT('',(-1.59594559789866E-13,1.5,2.39391839684799E-13));
#5150=CARTESIAN_POINT('',(8.92131995606017,1.5,-15.1713562426568));
#5151=CARTESIAN_POINT('',(8.92131995606017,1.5,-15.1713562426568));
#5152=CARTESIAN_POINT('',(8.92131995606017,1.5,-15.1713562426568));
#5153=CARTESIAN_POINT('',(8.92131995606017,1.5,-15.1713562426568));
#5154=CARTESIAN_POINT('',(0.,1.5,0.));
#5155=CARTESIAN_POINT('',(2.2,1.5,-18.8722017793367));
#5156=CARTESIAN_POINT('',(2.2,1.5,-18.8722017793367));
#5157=CARTESIAN_POINT('',(1.7,1.5,-17.5177053291805));
#5158=CARTESIAN_POINT('',(1.7,1.5,-17.5177053291805));
#5159=CARTESIAN_POINT('',(5.44269490587723E-14,1.5,1.07552855510562E-13));
#5160=CARTESIAN_POINT('',(5.44269490587723E-14,1.5,1.07552855510562E-13));
#5161=CARTESIAN_POINT('',(-1.7,1.5,-17.5177053291805));
#5162=CARTESIAN_POINT('',(-1.7,1.5,-17.5177053291805));
#5163=CARTESIAN_POINT('',(-1.7,1.5,-17.5177053291805));
#5164=CARTESIAN_POINT('',(-1.7,1.5,-17.5177053291805));
#5165=CARTESIAN_POINT('',(0.,1.5,0.));
#5166=CARTESIAN_POINT('',(-9.31296449655701,1.5,-16.5610595158));
#5167=CARTESIAN_POINT('',(-9.31296449655701,1.5,-16.5610595158));
#5168=CARTESIAN_POINT('',(-8.92131995606017,1.5,-15.1713562426568));
#5169=CARTESIAN_POINT('',(-8.92131995606017,1.5,-15.1713562426568));
#5170=CARTESIAN_POINT('',(2.94902990916057E-14,1.5,7.28583859910259E-14));
#5171=CARTESIAN_POINT('',(2.94902990916057E-14,1.5,7.28583859910259E-14));
#5172=CARTESIAN_POINT('',(-11.671977736935,1.5,-13.1728863848624));
#5173=CARTESIAN_POINT('',(-11.671977736935,1.5,-13.1728863848624));
#5174=CARTESIAN_POINT('',(-11.671977736935,1.5,-13.1728863848624));
#5175=CARTESIAN_POINT('',(-11.671977736935,1.5,-13.1728863848624));
#5176=CARTESIAN_POINT('',(0.,1.5,0.));
#5177=CARTESIAN_POINT('',(0.,1.5,0.));
#5178=CARTESIAN_POINT('',(-17.1856566942929,1.5,-3.79647257146761));
#5179=CARTESIAN_POINT('',(-17.1856566942929,1.5,-3.79647257146761));
#5180=CARTESIAN_POINT('',(8.74300631892311E-13,1.5,2.94035629178069E-13));
#5181=CARTESIAN_POINT('',(-16.1349989134181,1.5,-7.03006472687113));
#5182=CARTESIAN_POINT('',(-17.2686930914503,1.5,-7.92415540693751));
#5183=CARTESIAN_POINT('',(-17.1856566942929,1.5,-3.79647257146761));
#5184=CARTESIAN_POINT('',(-17.1856566942929,1.5,-3.79647257146761));
#5185=CARTESIAN_POINT('',(8.74300631892311E-13,1.5,2.94035629178069E-13));
#5186=CARTESIAN_POINT('',(-16.1349989134181,1.5,-7.03006472687113));
#5187=CARTESIAN_POINT('',(-17.2686930914503,1.5,-7.92415540693751));
#5188=CARTESIAN_POINT('',(0.,23.4,0.));
#5189=CARTESIAN_POINT('',(-37.5,2.18283772757049E-29,0.));
#5190=CARTESIAN_POINT('',(-37.5,3.69778549322349E-29,0.));
#5191=CARTESIAN_POINT('',(-37.5,19.,0.));
#5192=CARTESIAN_POINT('',(-35.5,0.,0.));
#5193=CARTESIAN_POINT('',(-35.5,3.03164900590981E-15,0.));
#5194=CARTESIAN_POINT('',(-35.5,21.,0.));
#5195=CARTESIAN_POINT('',(0.,5.6843418860808E-14,0.));
#5196=CARTESIAN_POINT('',(-28.5,1.3642420526594E-14,0.));
#5197=CARTESIAN_POINT('',(-28.5,21.,0.));
#5198=CARTESIAN_POINT('',(-28.5,21.,0.));
#5199=CARTESIAN_POINT('',(-28.5,1.3642420526594E-14,0.));
#5200=CARTESIAN_POINT('',(-28.5,20.,0.));
#5201=CARTESIAN_POINT('',(0.,5.6843418860808E-14,0.));
#5202=CARTESIAN_POINT('',(-15.,3.41060513164849E-14,0.));
#5203=CARTESIAN_POINT('',(-15.,20.,0.));
#5204=CARTESIAN_POINT('',(-15.,3.12250225675825E-14,0.));
#5205=CARTESIAN_POINT('',(-13.,3.71377003223946E-14,0.));
#5206=CARTESIAN_POINT('',(-13.,18.,0.));
#5207=CARTESIAN_POINT('',(-13.,18.,0.));
#5208=CARTESIAN_POINT('',(-13.,5.5,5.5));
#5209=CARTESIAN_POINT('',(-13.,5.5,5.5));
#5210=CARTESIAN_POINT('',(-13.,-5.5,5.5));
#5211=CARTESIAN_POINT('',(-13.,5.5,-5.5));
#5212=CARTESIAN_POINT('',(-13.,5.5,-5.5));
#5213=CARTESIAN_POINT('',(-13.,-5.5,-5.5));
#5214=CARTESIAN_POINT('',(-13.,-5.5,-5.5));
#5215=CARTESIAN_POINT('',(-13.,-5.5,5.5));
#5216=CARTESIAN_POINT('',(0.,5.5,5.5));
#5217=CARTESIAN_POINT('',(-9.64786672975331,-5.5,5.5));
#5218=CARTESIAN_POINT('',(-9.39073210018283,-4.60358383354503,5.5));
#5219=CARTESIAN_POINT('',(-9.09908965930991,-2.75589914238449,5.5));
#5220=CARTESIAN_POINT('',(-9.03408955228011,-0.00172408200742199,5.5));
#5221=CARTESIAN_POINT('',(-9.09974438806101,2.77173087259193,5.5));
#5222=CARTESIAN_POINT('',(-9.39302251331609,4.61156861320673,5.5));
#5223=CARTESIAN_POINT('',(-9.64786672975331,5.5,5.5));
#5224=CARTESIAN_POINT('',(-9.64786672975332,-5.5,5.5));
#5225=CARTESIAN_POINT('',(-9.64786672975331,5.5,5.5));
#5226=CARTESIAN_POINT('',(0.,5.5,5.5));
#5227=CARTESIAN_POINT('',(0.,-5.5,5.5));
#5228=CARTESIAN_POINT('',(0.,5.5,-5.5));
#5229=CARTESIAN_POINT('',(-9.64786672975331,5.5,5.5));
#5230=CARTESIAN_POINT('',(-9.39073210018283,5.5,4.60358383354503));
#5231=CARTESIAN_POINT('',(-9.09908965930991,5.5,2.75589914238449));
#5232=CARTESIAN_POINT('',(-9.03408955228011,5.5,0.00172408200742041));
#5233=CARTESIAN_POINT('',(-9.09974438806101,5.5,-2.77173087259193));
#5234=CARTESIAN_POINT('',(-9.39302251331609,5.5,-4.61156861320674));
#5235=CARTESIAN_POINT('',(-9.64786672975331,5.5,-5.5));
#5236=CARTESIAN_POINT('',(-9.64786672975331,5.5,-5.5));
#5237=CARTESIAN_POINT('',(0.,5.5,-5.5));
#5238=CARTESIAN_POINT('',(0.,-5.5,-5.5));
#5239=CARTESIAN_POINT('',(-9.64786672975331,5.5,-5.5));
#5240=CARTESIAN_POINT('',(-9.39073210018283,4.60358383354503,-5.5));
#5241=CARTESIAN_POINT('',(-9.09908965930991,2.75589914238449,-5.5));
#5242=CARTESIAN_POINT('',(-9.03408955228011,0.00172408200742199,-5.5));
#5243=CARTESIAN_POINT('',(-9.09974438806101,-2.77173087259193,-5.5));
#5244=CARTESIAN_POINT('',(-9.39302251331609,-4.61156861320673,-5.5));
#5245=CARTESIAN_POINT('',(-9.64786672975331,-5.5,-5.5));
#5246=CARTESIAN_POINT('',(-9.64786672975331,-5.5,-5.5));
#5247=CARTESIAN_POINT('',(0.,-5.5,-5.5));
#5248=CARTESIAN_POINT('',(0.,-5.5,5.5));
#5249=CARTESIAN_POINT('',(-9.64786672975331,-5.5,-5.5));
#5250=CARTESIAN_POINT('',(-9.39073210018283,-5.5,-4.60358383354503));
#5251=CARTESIAN_POINT('',(-9.09908965930991,-5.5,-2.75589914238449));
#5252=CARTESIAN_POINT('',(-9.03408955228011,-5.5,-0.00172408200742041));
#5253=CARTESIAN_POINT('',(-9.09974438806101,-5.5,2.77173087259193));
#5254=CARTESIAN_POINT('',(-9.39302251331609,-5.5,4.61156861320674));
#5255=CARTESIAN_POINT('',(-9.64786672975331,-5.5,5.5));
#5256=CARTESIAN_POINT('',(-3.24613817307783E-15,4.283,0.));
#5257=CARTESIAN_POINT('',(6.49227634615567E-15,5.6843418860808E-14,0.));
#5258=CARTESIAN_POINT('',(0.,4.283,0.));
#5259=CARTESIAN_POINT('',(-0.580999999999967,5.59627248245913E-14,0.));
#5260=CARTESIAN_POINT('',(-0.580999999999967,5.59627248245913E-14,0.));
#5261=CARTESIAN_POINT('',(-0.580999999999974,4.86399999999998,0.));
#5262=CARTESIAN_POINT('',(0.,5.6843418860808E-14,0.));
#5263=CARTESIAN_POINT('',(-9.,0.,0.));
#5264=CARTESIAN_POINT('',(-9.,0.,-4.86399999999998));
#5265=CARTESIAN_POINT('',(-17.9877706120702,0.,0.));
#5266=CARTESIAN_POINT('',(-4.,0.,15.));
#5267=MECHANICAL_DESIGN_GEOMETRIC_PRESENTATION_REPRESENTATION('',(#2501,
#2502,#2503,#2504,#2505,#2506,#2507,#2508,#2509,#2510,#2511,#2512,#2513,
#2514,#2515,#2516,#2517,#2518,#2519,#2520,#2521,#2522,#2523,#2524,#2525,
#2526,#2527,#2528,#2529,#2530,#2531,#2532,#2533,#2534,#2535,#2536,#2537,
#2538,#2539,#2540,#2541,#2542,#2543,#2544,#2545,#2546,#2547,#2548,#2549,
#2550,#2551,#2552,#2553,#2554,#2555,#2556,#2557,#2558,#2559,#2560,#2561,
#2562,#2563,#2564,#2565,#2566,#2567,#2568,#2569,#2570,#2571,#2572,#2573,
#2574,#2575,#2576,#2577,#2578,#2579),#5268);
#5268=(
GEOMETRIC_REPRESENTATION_CONTEXT(3)
GLOBAL_UNCERTAINTY_ASSIGNED_CONTEXT((#5273))
GLOBAL_UNIT_ASSIGNED_CONTEXT((#5280,#5279,#5278))
REPRESENTATION_CONTEXT('AR2000GZ','TOP_LEVEL_ASSEMBLY_PART')
);
#5269=(
GEOMETRIC_REPRESENTATION_CONTEXT(3)
GLOBAL_UNCERTAINTY_ASSIGNED_CONTEXT((#5274))
GLOBAL_UNIT_ASSIGNED_CONTEXT((#5280,#5279,#5278))
REPRESENTATION_CONTEXT('AR2000_AR','COMPONENT_PART')
);
#5270=(
GEOMETRIC_REPRESENTATION_CONTEXT(3)
GLOBAL_UNCERTAINTY_ASSIGNED_CONTEXT((#5275))
GLOBAL_UNIT_ASSIGNED_CONTEXT((#5280,#5279,#5278))
REPRESENTATION_CONTEXT('AFR2000ar_bracket','COMPONENT_PART')
);
#5271=(
GEOMETRIC_REPRESENTATION_CONTEXT(3)
GLOBAL_UNCERTAINTY_ASSIGNED_CONTEXT((#5276))
GLOBAL_UNIT_ASSIGNED_CONTEXT((#5280,#5279,#5278))
REPRESENTATION_CONTEXT('AR2000ar_nut','COMPONENT_PART')
);
#5272=(
GEOMETRIC_REPRESENTATION_CONTEXT(3)
GLOBAL_UNCERTAINTY_ASSIGNED_CONTEXT((#5277))
GLOBAL_UNIT_ASSIGNED_CONTEXT((#5280,#5279,#5278))
REPRESENTATION_CONTEXT('01gauge','COMPONENT_PART')
);
#5273=UNCERTAINTY_MEASURE_WITH_UNIT(LENGTH_MEASURE(0.005),#5280,
'DISTANCE_ACCURACY_VALUE','Maximum Tolerance applied to model');
#5274=UNCERTAINTY_MEASURE_WITH_UNIT(LENGTH_MEASURE(0.005),#5280,
'DISTANCE_ACCURACY_VALUE','Maximum Tolerance applied to model');
#5275=UNCERTAINTY_MEASURE_WITH_UNIT(LENGTH_MEASURE(0.005),#5280,
'DISTANCE_ACCURACY_VALUE','Maximum Tolerance applied to model');
#5276=UNCERTAINTY_MEASURE_WITH_UNIT(LENGTH_MEASURE(0.005),#5280,
'DISTANCE_ACCURACY_VALUE','Maximum Tolerance applied to model');
#5277=UNCERTAINTY_MEASURE_WITH_UNIT(LENGTH_MEASURE(0.005),#5280,
'DISTANCE_ACCURACY_VALUE','Maximum Tolerance applied to model');
#5278=(
NAMED_UNIT(*)
SI_UNIT($,.STERADIAN.)
SOLID_ANGLE_UNIT()
);
#5279=(
NAMED_UNIT(*)
PLANE_ANGLE_UNIT()
SI_UNIT($,.RADIAN.)
);
#5280=(
LENGTH_UNIT()
NAMED_UNIT(*)
SI_UNIT(.MILLI.,.METRE.)
);
#5281=PRODUCT_DEFINITION_SHAPE('','',#5290);
#5282=PRODUCT_DEFINITION_SHAPE('','',#5291);
#5283=PRODUCT_DEFINITION_SHAPE(' ','NAUO PRDDFN',#27);
#5284=PRODUCT_DEFINITION_SHAPE('','',#5292);
#5285=PRODUCT_DEFINITION_SHAPE(' ','NAUO PRDDFN',#28);
#5286=PRODUCT_DEFINITION_SHAPE('','',#5293);
#5287=PRODUCT_DEFINITION_SHAPE(' ','NAUO PRDDFN',#29);
#5288=PRODUCT_DEFINITION_SHAPE('','',#5294);
#5289=PRODUCT_DEFINITION_SHAPE(' ','NAUO PRDDFN',#30);
#5290=PRODUCT_DEFINITION('','',#5300,#5295);
#5291=PRODUCT_DEFINITION('','',#5301,#5296);
#5292=PRODUCT_DEFINITION('','',#5302,#5297);
#5293=PRODUCT_DEFINITION('','',#5303,#5298);
#5294=PRODUCT_DEFINITION('','',#5304,#5299);
#5295=PRODUCT_DEFINITION_CONTEXT('',#5326,'design');
#5296=PRODUCT_DEFINITION_CONTEXT('',#5326,'design');
#5297=PRODUCT_DEFINITION_CONTEXT('',#5326,'design');
#5298=PRODUCT_DEFINITION_CONTEXT('',#5326,'design');
#5299=PRODUCT_DEFINITION_CONTEXT('',#5326,'design');
#5300=PRODUCT_DEFINITION_FORMATION_WITH_SPECIFIED_SOURCE('','',#5310,
 .NOT_KNOWN.);
#5301=PRODUCT_DEFINITION_FORMATION_WITH_SPECIFIED_SOURCE('','',#5311,
 .NOT_KNOWN.);
#5302=PRODUCT_DEFINITION_FORMATION_WITH_SPECIFIED_SOURCE('','',#5312,
 .NOT_KNOWN.);
#5303=PRODUCT_DEFINITION_FORMATION_WITH_SPECIFIED_SOURCE('','',#5313,
 .NOT_KNOWN.);
#5304=PRODUCT_DEFINITION_FORMATION_WITH_SPECIFIED_SOURCE('','',#5314,
 .NOT_KNOWN.);
#5305=PRODUCT_RELATED_PRODUCT_CATEGORY('','',(#5310));
#5306=PRODUCT_RELATED_PRODUCT_CATEGORY('','',(#5311));
#5307=PRODUCT_RELATED_PRODUCT_CATEGORY('','',(#5312));
#5308=PRODUCT_RELATED_PRODUCT_CATEGORY('','',(#5313));
#5309=PRODUCT_RELATED_PRODUCT_CATEGORY('','',(#5314));
#5310=PRODUCT('AR2000GZ','AR2000GZ','AR2000GZ',(#5320));
#5311=PRODUCT('AR2000_AR','AR2000_AR','AR2000_AR',(#5321));
#5312=PRODUCT('AFR2000ar_bracket','AFR2000ar_bracket',
'AFR2000ar_bracket',(#5322));
#5313=PRODUCT('AR2000ar_nut','AR2000ar_nut','AR2000ar_nut',(#5323));
#5314=PRODUCT('01gauge','01gauge','01gauge',(#5324));
#5315=PRODUCT_CATEGORY('','');
#5316=PRODUCT_CATEGORY('','');
#5317=PRODUCT_CATEGORY('','');
#5318=PRODUCT_CATEGORY('','');
#5319=PRODUCT_CATEGORY('','');
#5320=PRODUCT_CONTEXT('',#5326,'mechanical');
#5321=PRODUCT_CONTEXT('',#5326,'mechanical');
#5322=PRODUCT_CONTEXT('',#5326,'mechanical');
#5323=PRODUCT_CONTEXT('',#5326,'mechanical');
#5324=PRODUCT_CONTEXT('',#5326,'mechanical');
#5325=APPLICATION_PROTOCOL_DEFINITION('international standard',
'automotive_design',2010,#5326);
#5326=APPLICATION_CONTEXT(
'core data for automotive mechanical design processes');
ENDSEC;
END-ISO-10303-21;
